id,condition,area,popping_frame,is_bad_pop,max_focis,area_focis,first_focis_frame,last_max_focis_frame,first_max_focis_frame,max_focis_duration_frame,max_focis_duration_min,diff_last_max_focis_first_focis_frame,diff_first_max_focis_first_focis_frame,diff_popping_time_first_max_focis_frame,diff_popping_time_last_max_focis_frame,diff_last_max_focis_first_focis_min,diff_first_max_focis_first_focis_min,diff_popping_time_last_max_focis_min,diff_popping_time_first_max_focis_min,bin_prey_area
Averell-001-217ea616-e7da-4eee-b7d8-a0adae9674a8-11,Averell,7.390407650043671,78,FALSE,10,0.7390407650043671,13,71,71,0,0,58,58,7,7,464,464,56,56,"[6.989, 13.8]"
Averell-001-217ea616-e7da-4eee-b7d8-a0adae9674a8-12,Averell,7.706087237861443,77,FALSE,11,0.7005533852601311,10,66,66,0,0,56,56,11,11,448,448,88,88,"[6.989, 13.8]"
Averell-001-217ea616-e7da-4eee-b7d8-a0adae9674a8-16,Averell,7.929931362973159,80,FALSE,15,0.5286620908648773,16,74,74,0,0,58,58,6,6,464,464,48,48,"[6.989, 13.8]"
Averell-001-217ea616-e7da-4eee-b7d8-a0adae9674a8-19,Averell,7.6594537952197435,76,FALSE,13,0.5891887534784418,13,60,60,0,0,47,47,16,16,376,376,128,128,"[6.989, 13.8]"
Averell-001-217ea616-e7da-4eee-b7d8-a0adae9674a8-2,Averell,8.415321490157122,NA,TRUE,10,0.8415321490157123,12,NA,NA,NA,NA,NA,NA,NA,NA,NA,NA,NA,NA,"[6.989, 13.8]"
Averell-001-217ea616-e7da-4eee-b7d8-a0adae9674a8-20,Averell,7.877052108796734,64,FALSE,12,0.6564210090663946,13,52,50,2,16,39,37,14,12,312,296,96,112,"[6.989, 13.8]"
Averell-001-217ea616-e7da-4eee-b7d8-a0adae9674a8-22,Averell,7.463056425006354,70,FALSE,10,0.7463056425006354,20,55,55,0,0,35,35,15,15,280,280,120,120,"[6.989, 13.8]"
Averell-001-217ea616-e7da-4eee-b7d8-a0adae9674a8-24,Averell,6.545292582821383,55,FALSE,12,0.5454410485684485,13,50,50,0,0,37,37,5,5,296,296,40,40,"[5.117, 6.989)"
Averell-001-217ea616-e7da-4eee-b7d8-a0adae9674a8-30,Averell,5.784093794849348,62,FALSE,9,0.6426770883165942,12,55,55,0,0,43,43,7,7,344,344,56,56,"[5.117, 6.989)"
Averell-001-217ea616-e7da-4eee-b7d8-a0adae9674a8-33,Averell,9.24454801096923,NA,TRUE,16,0.5777842506855769,11,NA,NA,NA,NA,NA,NA,NA,NA,NA,NA,NA,NA,"[6.989, 13.8]"
Averell-001-217ea616-e7da-4eee-b7d8-a0adae9674a8-4,Averell,7.575243200888257,66,FALSE,10,0.7575243200888256,14,65,65,0,0,51,51,1,1,408,408,8,8,"[6.989, 13.8]"
Averell-001-217ea616-e7da-4eee-b7d8-a0adae9674a8-40,Averell,9.765872318301103,79,FALSE,14,0.6975623084500787,22,70,66,4,32,48,44,13,9,384,352,72,104,"[6.989, 13.8]"
Averell-001-217ea616-e7da-4eee-b7d8-a0adae9674a8-44,Averell,8.870572700515918,NA,TRUE,15,0.5913715133677279,14,NA,NA,NA,NA,NA,NA,NA,NA,NA,NA,NA,NA,"[6.989, 13.8]"
Averell-001-217ea616-e7da-4eee-b7d8-a0adae9674a8-48,Averell,10.236402609450792,78,FALSE,18,0.5686890338583773,13,69,69,0,0,56,56,9,9,448,448,72,72,"[6.989, 13.8]"
Averell-001-217ea616-e7da-4eee-b7d8-a0adae9674a8-5,Averell,7.8418607262947795,NA,TRUE,10,0.7841860726294779,19,NA,NA,NA,NA,NA,NA,NA,NA,NA,NA,NA,NA,"[6.989, 13.8]"
Averell-001-217ea616-e7da-4eee-b7d8-a0adae9674a8-52,Averell,7.725797414178885,NA,TRUE,8,0.9657246767723606,24,NA,NA,NA,NA,NA,NA,NA,NA,NA,NA,NA,NA,"[6.989, 13.8]"
Averell-001-217ea616-e7da-4eee-b7d8-a0adae9674a8-6,Averell,8.066612387252238,85,FALSE,11,0.7333283988411126,16,82,81,1,8,66,65,4,3,528,520,24,32,"[6.989, 13.8]"
Averell-001-217ea616-e7da-4eee-b7d8-a0adae9674a8-7,Averell,7.254989358489889,71,FALSE,8,0.9068736698112361,22,64,60,4,32,42,38,11,7,336,304,56,88,"[6.989, 13.8]"
Averell-001-217ea616-e7da-4eee-b7d8-a0adae9674a8-9,Averell,7.620890254030407,69,FALSE,13,0.5862223272331082,14,67,67,0,0,53,53,2,2,424,424,16,16,"[6.989, 13.8]"
Averell-001-ffdae151-8b77-4c99-be03-2bde7cb79be5-10,Averell,8.226190832134144,81,FALSE,9,0.9140212035704605,31,74,74,0,0,43,43,7,7,344,344,56,56,"[6.989, 13.8]"
Averell-001-ffdae151-8b77-4c99-be03-2bde7cb79be5-16,Averell,7.204822142786906,74,FALSE,10,0.7204822142786906,12,66,63,3,24,54,51,11,8,432,408,64,88,"[6.989, 13.8]"
Averell-001-ffdae151-8b77-4c99-be03-2bde7cb79be5-17,Averell,7.36262255447252,89,FALSE,12,0.6135518795393767,18,77,77,0,0,59,59,12,12,472,472,96,96,"[6.989, 13.8]"
Averell-001-ffdae151-8b77-4c99-be03-2bde7cb79be5-2,Averell,8.0624886042496815,NA,TRUE,10,0.8062488604249681,15,NA,NA,NA,NA,NA,NA,NA,NA,NA,NA,NA,NA,"[6.989, 13.8]"
Averell-001-ffdae151-8b77-4c99-be03-2bde7cb79be5-20,Averell,7.707457444727137,68,FALSE,12,0.642288120393928,8,66,65,1,8,58,57,3,2,464,456,16,24,"[6.989, 13.8]"
Averell-001-ffdae151-8b77-4c99-be03-2bde7cb79be5-21,Averell,5.297432819299212,69,FALSE,8,0.6621791024124015,14,52,52,0,0,38,38,17,17,304,304,136,136,"[5.117, 6.989)"
Averell-001-ffdae151-8b77-4c99-be03-2bde7cb79be5-23,Averell,8.449336419921574,76,FALSE,10,0.8449336419921574,27,71,70,1,8,44,43,6,5,352,344,40,48,"[6.989, 13.8]"
Averell-001-ffdae151-8b77-4c99-be03-2bde7cb79be5-25,Averell,5.998709621774036,NA,TRUE,11,0.5453372383430941,24,NA,NA,NA,NA,NA,NA,NA,NA,NA,NA,NA,NA,"[5.117, 6.989)"
Averell-001-ffdae151-8b77-4c99-be03-2bde7cb79be5-26,Averell,7.351231304601647,63,FALSE,11,0.6682937549637861,19,62,57,5,40,43,38,6,1,344,304,8,48,"[6.989, 13.8]"
Averell-001-ffdae151-8b77-4c99-be03-2bde7cb79be5-27,Averell,9.127852573429712,75,FALSE,16,0.570490785839357,17,65,63,2,16,48,46,12,10,384,368,80,96,"[6.989, 13.8]"
Averell-001-ffdae151-8b77-4c99-be03-2bde7cb79be5-29,Averell,8.549111977854473,74,FALSE,10,0.8549111977854473,12,71,53,18,144,59,41,21,3,472,328,24,168,"[6.989, 13.8]"
Averell-001-ffdae151-8b77-4c99-be03-2bde7cb79be5-31,Averell,10.589694758605258,67,FALSE,16,0.6618559224128286,19,58,58,0,0,39,39,9,9,312,312,72,72,"[6.989, 13.8]"
Averell-001-ffdae151-8b77-4c99-be03-2bde7cb79be5-32,Averell,9.915042823427092,75,FALSE,15,0.6610028548951394,16,70,63,7,56,54,47,12,5,432,376,40,96,"[6.989, 13.8]"
Averell-001-ffdae151-8b77-4c99-be03-2bde7cb79be5-35,Averell,6.615182620017648,85,FALSE,10,0.6615182620017648,20,76,73,3,24,56,53,12,9,448,424,72,96,"[5.117, 6.989)"
Averell-001-ffdae151-8b77-4c99-be03-2bde7cb79be5-37,Averell,7.566704695430752,77,FALSE,12,0.6305587246192293,13,70,70,0,0,57,57,7,7,456,456,56,56,"[6.989, 13.8]"
Averell-001-ffdae151-8b77-4c99-be03-2bde7cb79be5-39,Averell,8.607837585557872,62,FALSE,13,0.6621413527352209,9,62,62,0,0,53,53,0,0,424,424,0,0,"[6.989, 13.8]"
Averell-001-ffdae151-8b77-4c99-be03-2bde7cb79be5-5,Averell,8.504112403178423,81,FALSE,11,0.7731011275616748,18,77,67,10,80,59,49,14,4,472,392,32,112,"[6.989, 13.8]"
Averell-003-6375368b-6c0a-4636-8175-b0be700eb53f-1,Averell,9.790335450760914,44,FALSE,11,0.8900304955237194,6,41,41,0,0,35,35,3,3,280,280,24,24,"[6.989, 13.8]"
Averell-003-6375368b-6c0a-4636-8175-b0be700eb53f-11,Averell,7.258082101499271,57,FALSE,9,0.8064535668332523,22,50,42,8,64,28,20,15,7,224,160,56,120,"[6.989, 13.8]"
Averell-003-6375368b-6c0a-4636-8175-b0be700eb53f-12,Averell,10.049786886802961,58,FALSE,11,0.9136169897093601,8,55,54,1,8,47,46,4,3,376,368,24,32,"[6.989, 13.8]"
Averell-003-6375368b-6c0a-4636-8175-b0be700eb53f-13,Averell,11.373267603229674,61,FALSE,12,0.9477723002691395,4,58,58,0,0,54,54,3,3,432,432,24,24,"[6.989, 13.8]"
Averell-003-6375368b-6c0a-4636-8175-b0be700eb53f-15,Averell,6.557275039813964,53,FALSE,10,0.6557275039813965,6,45,43,2,16,39,37,10,8,312,296,64,80,"[5.117, 6.989)"
Averell-003-6375368b-6c0a-4636-8175-b0be700eb53f-16,Averell,7.7101645386090905,54,FALSE,10,0.771016453860909,5,51,47,4,32,46,42,7,3,368,336,24,56,"[6.989, 13.8]"
Averell-003-6375368b-6c0a-4636-8175-b0be700eb53f-21,Averell,7.766504490518063,51,FALSE,10,0.7766504490518062,5,45,45,0,0,40,40,6,6,320,320,48,48,"[6.989, 13.8]"
Averell-003-6375368b-6c0a-4636-8175-b0be700eb53f-24,Averell,7.429245070523699,41,FALSE,10,0.7429245070523699,7,37,37,0,0,30,30,4,4,240,240,32,32,"[6.989, 13.8]"
Averell-003-6375368b-6c0a-4636-8175-b0be700eb53f-26,Averell,8.533849808062703,51,FALSE,10,0.8533849808062703,4,51,51,0,0,47,47,0,0,376,376,0,0,"[6.989, 13.8]"
Averell-003-6375368b-6c0a-4636-8175-b0be700eb53f-27,Averell,11.469854120142951,57,FALSE,14,0.819275294295925,5,50,50,0,0,45,45,7,7,360,360,56,56,"[6.989, 13.8]"
Averell-003-6375368b-6c0a-4636-8175-b0be700eb53f-28,Averell,7.299385577396762,49,FALSE,9,0.8110428419329736,5,44,41,3,24,39,36,8,5,312,288,40,64,"[6.989, 13.8]"
Averell-003-6375368b-6c0a-4636-8175-b0be700eb53f-6,Averell,9.523081769169194,50,FALSE,13,0.7325447514745533,5,49,49,0,0,44,44,1,1,352,352,8,8,"[6.989, 13.8]"
Averell-003-6375368b-6c0a-4636-8175-b0be700eb53f-9,Averell,5.503583492239105,46,FALSE,7,0.786226213177015,10,42,41,1,8,32,31,5,4,256,248,32,40,"[5.117, 6.989)"
Averell-003-6aecb817-21d3-48f0-b7b8-4c1986ced1a3-11,Averell,9.305460226609984,53,FALSE,10,0.9305460226609984,11,50,48,2,16,39,37,5,3,312,296,24,40,"[6.989, 13.8]"
Averell-003-6aecb817-21d3-48f0-b7b8-4c1986ced1a3-13,Averell,6.664783661229599,46,FALSE,8,0.8330979576536999,13,40,38,2,16,27,25,8,6,216,200,48,64,"[5.117, 6.989)"
Averell-003-6aecb817-21d3-48f0-b7b8-4c1986ced1a3-16,Averell,6.964076527507117,52,FALSE,9,0.773786280834124,7,48,47,1,8,41,40,5,4,328,320,32,40,"[5.117, 6.989)"
Averell-003-6aecb817-21d3-48f0-b7b8-4c1986ced1a3-19,Averell,6.689350963916656,56,FALSE,8,0.836168870489582,12,55,45,10,80,43,33,11,1,344,264,8,88,"[5.117, 6.989)"
Averell-003-6aecb817-21d3-48f0-b7b8-4c1986ced1a3-21,Averell,6.974495031373606,51,FALSE,7,0.9963564330533723,10,44,44,0,0,34,34,7,7,272,272,56,56,"[5.117, 6.989)"
Averell-003-6aecb817-21d3-48f0-b7b8-4c1986ced1a3-22,Averell,8.61834192031288,56,FALSE,11,0.7834856291193527,6,50,41,9,72,44,35,15,6,352,280,48,120,"[6.989, 13.8]"
Averell-003-6aecb817-21d3-48f0-b7b8-4c1986ced1a3-24,Averell,10.837380617141172,60,FALSE,13,0.8336446628570132,6,58,58,0,0,52,52,2,2,416,416,16,16,"[6.989, 13.8]"
Averell-003-6aecb817-21d3-48f0-b7b8-4c1986ced1a3-25,Averell,6.456787465072544,52,FALSE,12,0.5380656220893787,5,49,49,0,0,44,44,3,3,352,352,24,24,"[5.117, 6.989)"
Averell-003-6aecb817-21d3-48f0-b7b8-4c1986ced1a3-28,Averell,10.324557803713041,38,FALSE,8,1.2905697254641302,11,35,35,0,0,24,24,3,3,192,192,24,24,"[6.989, 13.8]"
Averell-003-6aecb817-21d3-48f0-b7b8-4c1986ced1a3-7,Averell,9.082633180558323,53,FALSE,12,0.7568860983798603,9,47,47,0,0,38,38,6,6,304,304,48,48,"[6.989, 13.8]"
Averell-003-c41b3983-8d2a-4811-aafc-353f059b9285-1,Averell,6.472171070508227,46,FALSE,8,0.8090213838135284,10,44,44,0,0,34,34,2,2,272,272,16,16,"[5.117, 6.989)"
Averell-003-c41b3983-8d2a-4811-aafc-353f059b9285-11,Averell,7.059493386497179,56,FALSE,8,0.8824366733121474,9,52,51,1,8,43,42,5,4,344,336,32,40,"[6.989, 13.8]"
Averell-003-c41b3983-8d2a-4811-aafc-353f059b9285-14,Averell,9.448735115468805,49,FALSE,5,1.889747023093761,8,44,37,7,56,36,29,12,5,288,232,40,96,"[6.989, 13.8]"
Averell-003-c41b3983-8d2a-4811-aafc-353f059b9285-15,Averell,11.272014695049101,56,FALSE,16,0.7045009184405688,20,49,49,0,0,29,29,7,7,232,232,56,56,"[6.989, 13.8]"
Averell-003-c41b3983-8d2a-4811-aafc-353f059b9285-16,Averell,7.06971650301135,49,FALSE,12,0.5891430419176125,7,45,43,2,16,38,36,6,4,304,288,32,48,"[6.989, 13.8]"
Averell-003-c41b3983-8d2a-4811-aafc-353f059b9285-17,Averell,7.493228702335926,53,FALSE,9,0.832580966926214,7,49,49,0,0,42,42,4,4,336,336,32,32,"[6.989, 13.8]"
Averell-003-c41b3983-8d2a-4811-aafc-353f059b9285-2,Averell,7.838136709467331,57,FALSE,9,0.8709040788297034,21,51,50,1,8,30,29,7,6,240,232,48,56,"[6.989, 13.8]"
Averell-003-c41b3983-8d2a-4811-aafc-353f059b9285-6,Averell,10.514760591969816,61,FALSE,12,0.876230049330818,17,57,57,0,0,40,40,4,4,320,320,32,32,"[6.989, 13.8]"
Averell-003-c41b3983-8d2a-4811-aafc-353f059b9285-8,Averell,6.118805302568087,48,FALSE,10,0.6118805302568087,6,45,40,5,40,39,34,8,3,312,272,24,64,"[5.117, 6.989)"
Averell-003-c41b3983-8d2a-4811-aafc-353f059b9285-9,Averell,11.524819594741423,54,FALSE,16,0.720301224671339,6,51,49,2,16,45,43,5,3,360,344,24,40,"[6.989, 13.8]"
Joe-001-37ae7a14-eca2-4d59-9b55-fc6e93566954-11,Joe,6.245181346648517,77,FALSE,10,0.6245181346648516,13,73,73,0,0,60,60,4,4,480,480,32,32,"[5.117, 6.989)"
Joe-001-37ae7a14-eca2-4d59-9b55-fc6e93566954-12,Joe,5.227080676302956,72,FALSE,9,0.5807867418114395,18,66,60,6,48,48,42,12,6,384,336,48,96,"[5.117, 6.989)"
Joe-001-37ae7a14-eca2-4d59-9b55-fc6e93566954-2,Joe,7.202057413506282,87,FALSE,8,0.9002571766882852,13,77,73,4,32,64,60,14,10,512,480,80,112,"[6.989, 13.8]"
Joe-001-37ae7a14-eca2-4d59-9b55-fc6e93566954-3,Joe,6.018403946053626,63,FALSE,9,0.668711549561514,13,55,55,0,0,42,42,8,8,336,336,64,64,"[5.117, 6.989)"
Joe-001-37ae7a14-eca2-4d59-9b55-fc6e93566954-4,Joe,6.207560798319038,66,FALSE,7,0.8867943997598626,16,61,61,0,0,45,45,5,5,360,360,40,40,"[5.117, 6.989)"
Joe-001-37ae7a14-eca2-4d59-9b55-fc6e93566954-7,Joe,4.846180587215947,88,FALSE,8,0.6057725734019934,31,69,69,0,0,38,38,19,19,304,304,152,152,"[2.496, 5.117)"
Joe-001-52a659d9-1ad1-4b77-9c83-59d854aa28a9-1,Joe,7.501908932176553,71,FALSE,9,0.8335454369085059,21,67,56,11,88,46,35,15,4,368,280,32,120,"[6.989, 13.8]"
Joe-001-52a659d9-1ad1-4b77-9c83-59d854aa28a9-10,Joe,5.775190408366321,56,FALSE,12,0.48126586736386007,12,50,49,1,8,38,37,7,6,304,296,48,56,"[5.117, 6.989)"
Joe-001-52a659d9-1ad1-4b77-9c83-59d854aa28a9-2,Joe,7.524435172095629,70,FALSE,11,0.6840395610996026,17,67,67,0,0,50,50,3,3,400,400,24,24,"[6.989, 13.8]"
Joe-001-52a659d9-1ad1-4b77-9c83-59d854aa28a9-7,Joe,11.411842512967517,110,FALSE,12,0.9509868760806265,20,101,89,12,96,81,69,21,9,648,552,72,168,"[6.989, 13.8]"
Joe-001-52a659d9-1ad1-4b77-9c83-59d854aa28a9-8,Joe,7.571321588187625,83,FALSE,9,0.8412579542430695,17,72,59,13,104,55,42,24,11,440,336,88,192,"[6.989, 13.8]"
Joe-003-28942d78-6f4f-4795-8294-0e7926922965-16,Joe,4.751834595020912,47,FALSE,8,0.593979324377614,5,42,39,3,24,37,34,8,5,296,272,40,64,"[2.496, 5.117)"
Joe-003-28942d78-6f4f-4795-8294-0e7926922965-17,Joe,3.618334549849452,50,FALSE,5,0.7236669099698905,11,49,32,17,136,38,21,18,1,304,168,8,144,"[2.496, 5.117)"
Joe-003-28942d78-6f4f-4795-8294-0e7926922965-19,Joe,4.519501419017314,41,FALSE,8,0.5649376773771643,5,37,33,4,32,32,28,8,4,256,224,32,64,"[2.496, 5.117)"
Joe-003-28942d78-6f4f-4795-8294-0e7926922965-2,Joe,3.8303218105678547,42,FALSE,7,0.5471888300811221,9,41,41,0,0,32,32,1,1,256,256,8,8,"[2.496, 5.117)"
Joe-003-28942d78-6f4f-4795-8294-0e7926922965-22,Joe,5.654565348990837,57,FALSE,9,0.6282850387767597,13,46,46,0,0,33,33,11,11,264,264,88,88,"[5.117, 6.989)"
Joe-003-28942d78-6f4f-4795-8294-0e7926922965-28,Joe,7.386347307608168,53,FALSE,10,0.7386347307608168,8,48,42,6,48,40,34,11,5,320,272,40,88,"[6.989, 13.8]"
Joe-003-28942d78-6f4f-4795-8294-0e7926922965-32,Joe,4.104447774014579,47,FALSE,8,0.5130559717518224,9,39,39,0,0,30,30,8,8,240,240,64,64,"[2.496, 5.117)"
Joe-003-28942d78-6f4f-4795-8294-0e7926922965-33,Joe,6.725027989505001,43,FALSE,5,1.3450055979010003,9,42,33,9,72,33,24,10,1,264,192,8,80,"[5.117, 6.989)"
Joe-003-28942d78-6f4f-4795-8294-0e7926922965-34,Joe,4.202232876725401,41,FALSE,7,0.600318982389343,6,33,33,0,0,27,27,8,8,216,216,64,64,"[2.496, 5.117)"
Joe-003-28942d78-6f4f-4795-8294-0e7926922965-38,Joe,6.874083710972072,38,FALSE,7,0.982011958710296,7,32,32,0,0,25,25,6,6,200,200,48,48,"[5.117, 6.989)"
Joe-003-28942d78-6f4f-4795-8294-0e7926922965-39,Joe,5.493855147133129,40,FALSE,7,0.784836449590447,5,38,38,0,0,33,33,2,2,264,264,16,16,"[5.117, 6.989)"
Joe-003-28942d78-6f4f-4795-8294-0e7926922965-41,Joe,4.582861036274739,46,FALSE,7,0.6546944337535342,7,43,43,0,0,36,36,3,3,288,288,24,24,"[2.496, 5.117)"
Joe-003-28942d78-6f4f-4795-8294-0e7926922965-42,Joe,4.519622827197386,34,FALSE,5,0.9039245654394772,8,33,33,0,0,25,25,1,1,200,200,8,8,"[2.496, 5.117)"
Joe-003-28942d78-6f4f-4795-8294-0e7926922965-44,Joe,5.104157722947416,39,FALSE,9,0.5671286358830463,14,33,33,0,0,19,19,6,6,152,152,48,48,"[2.496, 5.117)"
Joe-003-28942d78-6f4f-4795-8294-0e7926922965-47,Joe,6.01664635620209,51,FALSE,4,1.5041615890505224,8,49,30,19,152,41,22,21,2,328,176,16,168,"[5.117, 6.989)"
Joe-003-28942d78-6f4f-4795-8294-0e7926922965-48,Joe,2.495722527341364,33,FALSE,6,0.41595375455689404,5,26,26,0,0,21,21,7,7,168,168,56,56,"[2.496, 5.117)"
Joe-003-28942d78-6f4f-4795-8294-0e7926922965-49,Joe,2.7838194644042504,36,FALSE,6,0.46396991073404176,10,31,27,4,32,21,17,9,5,168,136,40,72,"[2.496, 5.117)"
Joe-003-28942d78-6f4f-4795-8294-0e7926922965-51,Joe,5.695605679393035,41,FALSE,5,1.1391211358786069,9,36,36,0,0,27,27,5,5,216,216,40,40,"[5.117, 6.989)"
Joe-003-28942d78-6f4f-4795-8294-0e7926922965-54,Joe,4.122068574062535,48,FALSE,7,0.5888669391517907,5,39,39,0,0,34,34,9,9,272,272,72,72,"[2.496, 5.117)"
Joe-003-28942d78-6f4f-4795-8294-0e7926922965-55,Joe,6.103336656574903,NA,TRUE,5,1.2206673313149807,6,NA,NA,NA,NA,NA,NA,NA,NA,NA,NA,NA,NA,"[5.117, 6.989)"
Joe-003-28942d78-6f4f-4795-8294-0e7926922965-9,Joe,5.567620652441144,48,FALSE,8,0.695952581555143,9,42,42,0,0,33,33,6,6,264,264,48,48,"[5.117, 6.989)"
Joe-003-487f9f3a-abea-4408-87e0-75df1200707f-1,Joe,4.901417498172034,39,FALSE,4,1.2253543745430084,6,35,22,13,104,29,16,17,4,232,128,32,136,"[2.496, 5.117)"
Joe-003-487f9f3a-abea-4408-87e0-75df1200707f-10,Joe,5.69431097445758,47,FALSE,7,0.8134729963510828,11,44,41,3,24,33,30,6,3,264,240,24,48,"[5.117, 6.989)"
Joe-003-487f9f3a-abea-4408-87e0-75df1200707f-12,Joe,3.1609376693914224,36,FALSE,4,0.7902344173478556,15,32,23,9,72,17,8,13,4,136,64,32,104,"[2.496, 5.117)"
Joe-003-487f9f3a-abea-4408-87e0-75df1200707f-13,Joe,4.06664074670982,47,FALSE,7,0.5809486781014028,5,40,40,0,0,35,35,7,7,280,280,56,56,"[2.496, 5.117)"
Joe-003-487f9f3a-abea-4408-87e0-75df1200707f-14,Joe,3.3382097341581947,40,FALSE,5,0.6676419468316389,9,37,32,5,40,28,23,8,3,224,184,24,64,"[2.496, 5.117)"
Joe-003-487f9f3a-abea-4408-87e0-75df1200707f-16,Joe,6.105848887741063,39,FALSE,8,0.7632311109676329,5,39,39,0,0,34,34,0,0,272,272,0,0,"[5.117, 6.989)"
Joe-003-487f9f3a-abea-4408-87e0-75df1200707f-17,Joe,7.018198729083661,49,FALSE,10,0.7018198729083661,17,45,41,4,32,28,24,8,4,224,192,32,64,"[6.989, 13.8]"
Joe-003-487f9f3a-abea-4408-87e0-75df1200707f-19,Joe,4.259416833568308,54,FALSE,7,0.6084881190811868,15,50,47,3,24,35,32,7,4,280,256,32,56,"[2.496, 5.117)"
Joe-003-487f9f3a-abea-4408-87e0-75df1200707f-2,Joe,5.570955434875435,45,FALSE,8,0.6963694293594294,17,44,44,0,0,27,27,1,1,216,216,8,8,"[5.117, 6.989)"
Joe-003-487f9f3a-abea-4408-87e0-75df1200707f-20,Joe,4.354931282619662,45,FALSE,5,0.8709862565239324,7,32,32,0,0,25,25,13,13,200,200,104,104,"[2.496, 5.117)"
Joe-003-487f9f3a-abea-4408-87e0-75df1200707f-21,Joe,3.253740110299036,47,FALSE,6,0.5422900183831727,8,41,41,0,0,33,33,6,6,264,264,48,48,"[2.496, 5.117)"
Joe-003-487f9f3a-abea-4408-87e0-75df1200707f-23,Joe,5.185105491107531,53,FALSE,8,0.6481381863884413,15,49,49,0,0,34,34,4,4,272,272,32,32,"[5.117, 6.989)"
Joe-003-487f9f3a-abea-4408-87e0-75df1200707f-24,Joe,4.044352556597631,45,FALSE,6,0.6740587594329385,9,42,42,0,0,33,33,3,3,264,264,24,24,"[2.496, 5.117)"
Joe-003-487f9f3a-abea-4408-87e0-75df1200707f-25,Joe,4.143234589134429,49,FALSE,7,0.5918906555906327,8,42,42,0,0,34,34,7,7,272,272,56,56,"[2.496, 5.117)"
Joe-003-487f9f3a-abea-4408-87e0-75df1200707f-26,Joe,6.305344578107945,39,FALSE,10,0.6305344578107945,7,35,35,0,0,28,28,4,4,224,224,32,32,"[5.117, 6.989)"
Joe-003-487f9f3a-abea-4408-87e0-75df1200707f-27,Joe,4.680818788637236,49,FALSE,7,0.668688398376748,5,43,42,1,8,38,37,7,6,304,296,48,56,"[2.496, 5.117)"
Joe-003-487f9f3a-abea-4408-87e0-75df1200707f-29,Joe,4.771063040793466,42,FALSE,8,0.5963828800991833,6,42,42,0,0,36,36,0,0,288,288,0,0,"[2.496, 5.117)"
Joe-003-487f9f3a-abea-4408-87e0-75df1200707f-38,Joe,5.87249701217209,47,FALSE,8,0.7340621265215113,11,40,39,1,8,29,28,8,7,232,224,56,64,"[5.117, 6.989)"
Joe-003-487f9f3a-abea-4408-87e0-75df1200707f-39,Joe,3.889451984903591,39,FALSE,6,0.6482419974839319,8,31,26,5,40,23,18,13,8,184,144,64,104,"[2.496, 5.117)"
Joe-003-487f9f3a-abea-4408-87e0-75df1200707f-40,Joe,5.525666068015511,51,FALSE,8,0.6907082585019388,13,48,42,6,48,35,29,9,3,280,232,24,72,"[5.117, 6.989)"
Joe-003-487f9f3a-abea-4408-87e0-75df1200707f-41,Joe,4.491733333955327,48,FALSE,8,0.5614666667444159,13,37,37,0,0,24,24,11,11,192,192,88,88,"[2.496, 5.117)"
Joe-003-487f9f3a-abea-4408-87e0-75df1200707f-42,Joe,4.240158757043007,38,FALSE,6,0.7066931261738345,6,36,36,0,0,30,30,2,2,240,240,16,16,"[2.496, 5.117)"
Joe-003-487f9f3a-abea-4408-87e0-75df1200707f-45,Joe,5.022020923706659,39,FALSE,10,0.5022020923706659,8,36,36,0,0,28,28,3,3,224,224,24,24,"[2.496, 5.117)"
Joe-003-487f9f3a-abea-4408-87e0-75df1200707f-46,Joe,4.274695332156348,47,FALSE,8,0.5343369165195435,15,42,39,3,24,27,24,8,5,216,192,40,64,"[2.496, 5.117)"
Joe-003-487f9f3a-abea-4408-87e0-75df1200707f-47,Joe,7.125448383187004,45,FALSE,7,1.0179211975981435,7,44,44,0,0,37,37,1,1,296,296,8,8,"[6.989, 13.8]"
Joe-003-487f9f3a-abea-4408-87e0-75df1200707f-49,Joe,3.150335858583015,30,FALSE,5,0.630067171716603,4,25,25,0,0,21,21,5,5,168,168,40,40,"[2.496, 5.117)"
Joe-003-487f9f3a-abea-4408-87e0-75df1200707f-51,Joe,6.584986012710484,56,FALSE,7,0.9407122875300692,10,53,50,3,24,43,40,6,3,344,320,24,48,"[5.117, 6.989)"
Joe-003-487f9f3a-abea-4408-87e0-75df1200707f-6,Joe,3.809140879584998,44,FALSE,5,0.7618281759169996,15,38,38,0,0,23,23,6,6,184,184,48,48,"[2.496, 5.117)"
Joe-003-487f9f3a-abea-4408-87e0-75df1200707f-8,Joe,3.515271101913714,40,FALSE,5,0.7030542203827428,11,33,33,0,0,22,22,7,7,176,176,56,56,"[2.496, 5.117)"
Joe-003-487f9f3a-abea-4408-87e0-75df1200707f-9,Joe,4.659833415239685,45,FALSE,5,0.9319666830479371,16,44,35,9,72,28,19,10,1,224,152,8,80,"[2.496, 5.117)"
Joe-003-7bcd60fc-188d-44f9-9430-59575bb91859-11,Joe,7.048843313982584,46,FALSE,9,0.7832048126647315,8,40,37,3,24,32,29,9,6,256,232,48,72,"[6.989, 13.8]"
Joe-003-7bcd60fc-188d-44f9-9430-59575bb91859-13,Joe,5.931265956392574,48,FALSE,8,0.7414082445490717,14,42,42,0,0,28,28,6,6,224,224,48,48,"[5.117, 6.989)"
Joe-003-7bcd60fc-188d-44f9-9430-59575bb91859-17,Joe,4.505309750124484,43,FALSE,6,0.7508849583540806,8,40,31,9,72,32,23,12,3,256,184,24,96,"[2.496, 5.117)"
Joe-003-7bcd60fc-188d-44f9-9430-59575bb91859-20,Joe,6.598602890210332,48,FALSE,9,0.733178098912259,7,39,38,1,8,32,31,10,9,256,248,72,80,"[5.117, 6.989)"
Joe-003-7bcd60fc-188d-44f9-9430-59575bb91859-25,Joe,3.5573357959678953,40,FALSE,8,0.4446669744959869,4,33,33,0,0,29,29,7,7,232,232,56,56,"[2.496, 5.117)"
Joe-003-7bcd60fc-188d-44f9-9430-59575bb91859-26,Joe,7.814439217515499,55,FALSE,11,0.7104035652286818,10,51,51,0,0,41,41,4,4,328,328,32,32,"[6.989, 13.8]"
Joe-003-7bcd60fc-188d-44f9-9430-59575bb91859-27,Joe,5.421928785547547,41,FALSE,10,0.5421928785547547,4,36,36,0,0,32,32,5,5,256,256,40,40,"[5.117, 6.989)"
Joe-003-7bcd60fc-188d-44f9-9430-59575bb91859-28,Joe,6.190762026553144,47,FALSE,7,0.8843945752218777,7,41,40,1,8,34,33,7,6,272,264,48,56,"[5.117, 6.989)"
Joe-003-7bcd60fc-188d-44f9-9430-59575bb91859-29,Joe,3.533685767196893,44,FALSE,6,0.5889476278661488,5,32,32,0,0,27,27,12,12,216,216,96,96,"[2.496, 5.117)"
Joe-003-7bcd60fc-188d-44f9-9430-59575bb91859-30,Joe,6.385953505740407,47,FALSE,9,0.7095503895267119,5,43,38,5,40,38,33,9,4,304,264,32,72,"[5.117, 6.989)"
Joe-003-7bcd60fc-188d-44f9-9430-59575bb91859-38,Joe,5.031017337071326,31,FALSE,11,0.4573652124610296,6,27,26,1,8,21,20,5,4,168,160,32,40,"[2.496, 5.117)"
Joe-003-7bcd60fc-188d-44f9-9430-59575bb91859-5,Joe,5.962469591868652,39,FALSE,9,0.6624966213187391,5,32,32,0,0,27,27,7,7,216,216,56,56,"[5.117, 6.989)"
Joe-003-7bcd60fc-188d-44f9-9430-59575bb91859-6,Joe,5.2255811291767085,53,FALSE,8,0.6531976411470886,13,46,40,6,48,33,27,13,7,264,216,56,104,"[5.117, 6.989)"
Joe-003-7bcd60fc-188d-44f9-9430-59575bb91859-9,Joe,4.3729901550500365,39,FALSE,6,0.7288316925083395,6,35,31,4,32,29,25,8,4,232,200,32,64,"[2.496, 5.117)"
William-001-893d6f17-4ce7-432d-a4a7-4b7f548807e3-1,William,7.1212910267892,72,FALSE,9,0.7912545585321333,11,64,60,4,32,53,49,12,8,424,392,64,96,"[6.989, 13.8]"
William-001-893d6f17-4ce7-432d-a4a7-4b7f548807e3-10,William,6.164555153808629,69,FALSE,3,2.05485171793621,16,65,61,4,32,49,45,8,4,392,360,32,64,"[5.117, 6.989)"
William-001-893d6f17-4ce7-432d-a4a7-4b7f548807e3-16,William,6.515610223545018,NA,TRUE,10,0.6515610223545018,14,NA,NA,NA,NA,NA,NA,NA,NA,NA,NA,NA,NA,"[5.117, 6.989)"
William-001-893d6f17-4ce7-432d-a4a7-4b7f548807e3-18,William,7.882140597511441,NA,TRUE,13,0.6063185075008801,15,NA,NA,NA,NA,NA,NA,NA,NA,NA,NA,NA,NA,"[6.989, 13.8]"
William-001-893d6f17-4ce7-432d-a4a7-4b7f548807e3-19,William,6.487455578070701,66,FALSE,11,0.5897686889155183,7,63,45,18,144,56,38,21,3,448,304,24,168,"[5.117, 6.989)"
William-001-893d6f17-4ce7-432d-a4a7-4b7f548807e3-20,William,7.705004139505204,NA,TRUE,9,0.8561115710561338,7,NA,NA,NA,NA,NA,NA,NA,NA,NA,NA,NA,NA,"[6.989, 13.8]"
William-001-893d6f17-4ce7-432d-a4a7-4b7f548807e3-21,William,6.601806588846998,94,FALSE,7,0.9431152269781425,18,91,84,7,56,73,66,10,3,584,528,24,80,"[5.117, 6.989)"
William-001-893d6f17-4ce7-432d-a4a7-4b7f548807e3-4,William,5.5513447228115975,71,FALSE,7,0.7930492461159425,20,66,59,7,56,46,39,12,5,368,312,40,96,"[5.117, 6.989)"
William-001-893d6f17-4ce7-432d-a4a7-4b7f548807e3-5,William,7.662527510202652,89,FALSE,8,0.9578159387753316,17,76,76,0,0,59,59,13,13,472,472,104,104,"[6.989, 13.8]"
William-001-893d6f17-4ce7-432d-a4a7-4b7f548807e3-8,William,7.701641992044539,86,FALSE,5,1.5403283984089078,11,74,64,10,80,63,53,22,12,504,424,96,176,"[6.989, 13.8]"
William-001-ca91263b-26ec-4b45-a805-a78f442c22a7-17,William,7.79791259883661,NA,TRUE,10,0.7797912598836609,17,NA,NA,NA,NA,NA,NA,NA,NA,NA,NA,NA,NA,"[6.989, 13.8]"
William-001-ca91263b-26ec-4b45-a805-a78f442c22a7-19,William,6.908780341207857,76,FALSE,10,0.6908780341207856,10,65,64,1,8,55,54,12,11,440,432,88,96,"[5.117, 6.989)"
William-001-ca91263b-26ec-4b45-a805-a78f442c22a7-22,William,6.057055546349998,82,FALSE,8,0.7571319432937498,12,72,72,0,0,60,60,10,10,480,480,80,80,"[5.117, 6.989)"
William-001-ca91263b-26ec-4b45-a805-a78f442c22a7-27,William,5.504395661473993,62,FALSE,11,0.5003996055885448,14,49,49,0,0,35,35,13,13,280,280,104,104,"[5.117, 6.989)"
William-001-ca91263b-26ec-4b45-a805-a78f442c22a7-28,William,5.103600399110057,46,FALSE,5,1.0207200798220115,15,41,41,0,0,26,26,5,5,208,208,40,40,"[2.496, 5.117)"
William-001-ca91263b-26ec-4b45-a805-a78f442c22a7-29,William,6.017415829253436,60,FALSE,5,1.2034831658506873,15,56,54,2,16,41,39,6,4,328,312,32,48,"[5.117, 6.989)"
William-001-ca91263b-26ec-4b45-a805-a78f442c22a7-30,William,6.841604804867839,76,FALSE,11,0.6219640731698036,13,72,72,0,0,59,59,4,4,472,472,32,32,"[5.117, 6.989)"
William-001-ca91263b-26ec-4b45-a805-a78f442c22a7-31,William,5.827628063713597,79,FALSE,8,0.7284535079641996,21,76,68,8,64,55,47,11,3,440,376,24,88,"[5.117, 6.989)"
William-001-ca91263b-26ec-4b45-a805-a78f442c22a7-4,William,8.809736214251961,74,FALSE,13,0.6776720164809201,16,66,65,1,8,50,49,9,8,400,392,64,72,"[6.989, 13.8]"
William-001-ca91263b-26ec-4b45-a805-a78f442c22a7-6,William,6.292854451583754,70,FALSE,8,0.7866068064479692,9,60,60,0,0,51,51,10,10,408,408,80,80,"[5.117, 6.989)"
William-001-ca91263b-26ec-4b45-a805-a78f442c22a7-7,William,6.343668982088967,NA,TRUE,8,0.7929586227611208,25,NA,NA,NA,NA,NA,NA,NA,NA,NA,NA,NA,NA,"[5.117, 6.989)"
William-001-ca91263b-26ec-4b45-a805-a78f442c22a7-8,William,6.11699847318524,72,FALSE,7,0.8738569247407486,16,64,54,10,80,48,38,18,8,384,304,64,144,"[5.117, 6.989)"
William-003-b40d3839-4bc7-474f-a40a-e8c9fb8bfd27-10,William,7.40301423176317,64,FALSE,9,0.8225571368625745,9,55,55,0,0,46,46,9,9,368,368,72,72,"[6.989, 13.8]"
William-003-b40d3839-4bc7-474f-a40a-e8c9fb8bfd27-11,William,9.076457966714093,51,FALSE,11,0.8251325424285539,7,46,42,4,32,39,35,9,5,312,280,40,72,"[6.989, 13.8]"
William-003-b40d3839-4bc7-474f-a40a-e8c9fb8bfd27-16,William,6.1877827737863385,38,FALSE,8,0.7734728467232923,7,34,30,4,32,27,23,8,4,216,184,32,64,"[5.117, 6.989)"
William-003-b40d3839-4bc7-474f-a40a-e8c9fb8bfd27-17,William,7.480305028245842,55,FALSE,10,0.7480305028245842,8,46,46,0,0,38,38,9,9,304,304,72,72,"[6.989, 13.8]"
William-003-b40d3839-4bc7-474f-a40a-e8c9fb8bfd27-18,William,9.220603051402566,48,FALSE,10,0.9220603051402566,9,43,43,0,0,34,34,5,5,272,272,40,40,"[6.989, 13.8]"
William-003-b40d3839-4bc7-474f-a40a-e8c9fb8bfd27-19,William,7.0854080799909305,47,FALSE,9,0.7872675644434367,17,47,40,7,56,30,23,7,0,240,184,0,56,"[6.989, 13.8]"
William-003-b40d3839-4bc7-474f-a40a-e8c9fb8bfd27-24,William,5.5079032115083235,50,FALSE,8,0.6884879014385404,9,44,42,2,16,35,33,8,6,280,264,48,64,"[5.117, 6.989)"
William-003-b40d3839-4bc7-474f-a40a-e8c9fb8bfd27-27,William,11.504420952735646,51,FALSE,13,0.884955457902742,5,48,48,0,0,43,43,3,3,344,344,24,24,"[6.989, 13.8]"
William-003-b40d3839-4bc7-474f-a40a-e8c9fb8bfd27-28,William,5.2741382933168115,40,FALSE,9,0.5860153659240902,12,39,37,2,16,27,25,3,1,216,200,8,24,"[5.117, 6.989)"
William-003-b40d3839-4bc7-474f-a40a-e8c9fb8bfd27-29,William,8.262866807370667,51,FALSE,13,0.6356051390285129,9,46,46,0,0,37,37,5,5,296,296,40,40,"[6.989, 13.8]"
William-003-b40d3839-4bc7-474f-a40a-e8c9fb8bfd27-32,William,6.462205232769093,51,FALSE,12,0.5385171027307577,5,42,42,0,0,37,37,9,9,296,296,72,72,"[5.117, 6.989)"
William-003-b40d3839-4bc7-474f-a40a-e8c9fb8bfd27-33,William,7.381248497062323,45,FALSE,8,0.9226560621327904,8,44,42,2,16,36,34,3,1,288,272,8,24,"[6.989, 13.8]"
William-003-b40d3839-4bc7-474f-a40a-e8c9fb8bfd27-35,William,8.057922193504238,63,FALSE,14,0.5755658709645884,16,62,62,0,0,46,46,1,1,368,368,8,8,"[6.989, 13.8]"
William-003-b40d3839-4bc7-474f-a40a-e8c9fb8bfd27-36,William,8.272058443316958,44,FALSE,12,0.6893382036097465,5,39,39,0,0,34,34,5,5,272,272,40,40,"[6.989, 13.8]"
William-003-b40d3839-4bc7-474f-a40a-e8c9fb8bfd27-43,William,8.597931789515764,39,FALSE,10,0.8597931789515764,4,38,38,0,0,34,34,1,1,272,272,8,8,"[6.989, 13.8]"
William-003-b40d3839-4bc7-474f-a40a-e8c9fb8bfd27-46,William,9.517070839007651,52,FALSE,10,0.9517070839007651,4,52,52,0,0,48,48,0,0,384,384,0,0,"[6.989, 13.8]"
William-003-b40d3839-4bc7-474f-a40a-e8c9fb8bfd27-49,William,9.982361470590362,52,FALSE,11,0.9074874064173056,6,51,48,3,24,45,42,4,1,360,336,8,32,"[6.989, 13.8]"
William-003-b40d3839-4bc7-474f-a40a-e8c9fb8bfd27-5,William,8.33586916250354,54,FALSE,12,0.6946557635419617,8,53,53,0,0,45,45,1,1,360,360,8,8,"[6.989, 13.8]"
William-003-b40d3839-4bc7-474f-a40a-e8c9fb8bfd27-50,William,5.521412541507509,41,FALSE,8,0.6901765676884386,4,37,36,1,8,33,32,5,4,264,256,32,40,"[5.117, 6.989)"
William-003-b40d3839-4bc7-474f-a40a-e8c9fb8bfd27-51,William,8.52092662811865,54,FALSE,10,0.852092662811865,5,54,54,0,0,49,49,0,0,392,392,0,0,"[6.989, 13.8]"
William-003-b40d3839-4bc7-474f-a40a-e8c9fb8bfd27-53,William,7.659050098549085,58,FALSE,8,0.9573812623186356,9,55,47,8,64,46,38,11,3,368,304,24,88,"[6.989, 13.8]"
William-003-b40d3839-4bc7-474f-a40a-e8c9fb8bfd27-54,William,7.959237570698146,NA,TRUE,7,1.1370339386711639,6,NA,NA,NA,NA,NA,NA,NA,NA,NA,NA,NA,NA,"[6.989, 13.8]"
William-003-b40d3839-4bc7-474f-a40a-e8c9fb8bfd27-56,William,7.712937154688497,41,FALSE,9,0.8569930171876108,4,39,35,4,32,35,31,6,2,280,248,16,48,"[6.989, 13.8]"
William-003-b40d3839-4bc7-474f-a40a-e8c9fb8bfd27-58,William,6.7626805947376845,45,FALSE,9,0.7514089549708538,14,37,37,0,0,23,23,8,8,184,184,64,64,"[5.117, 6.989)"
William-003-b40d3839-4bc7-474f-a40a-e8c9fb8bfd27-61,William,9.68830651181728,53,FALSE,11,0.8807551374379347,4,49,48,1,8,45,44,5,4,360,352,32,40,"[6.989, 13.8]"
William-003-b40d3839-4bc7-474f-a40a-e8c9fb8bfd27-63,William,8.310397481483244,NA,TRUE,9,0.9233774979425827,9,NA,NA,NA,NA,NA,NA,NA,NA,NA,NA,NA,NA,"[6.989, 13.8]"
William-003-b40d3839-4bc7-474f-a40a-e8c9fb8bfd27-67,William,6.215300051361105,63,FALSE,8,0.7769125064201381,13,54,54,0,0,41,41,9,9,328,328,72,72,"[5.117, 6.989)"
William-003-b40d3839-4bc7-474f-a40a-e8c9fb8bfd27-71,William,7.673542734992222,53,FALSE,8,0.9591928418740278,6,51,50,1,8,45,44,3,2,360,352,16,24,"[6.989, 13.8]"
William-003-b40d3839-4bc7-474f-a40a-e8c9fb8bfd27-72,William,9.94369731097687,55,FALSE,11,0.903972482816079,5,51,51,0,0,46,46,4,4,368,368,32,32,"[6.989, 13.8]"
William-003-b40d3839-4bc7-474f-a40a-e8c9fb8bfd27-73,William,5.715327080388149,38,FALSE,6,0.9525545133980248,8,34,34,0,0,26,26,4,4,208,208,32,32,"[5.117, 6.989)"
William-003-b40d3839-4bc7-474f-a40a-e8c9fb8bfd27-74,William,6.603514058232264,38,FALSE,12,0.550292838186022,6,36,36,0,0,30,30,2,2,240,240,16,16,"[5.117, 6.989)"
William-003-b40d3839-4bc7-474f-a40a-e8c9fb8bfd27-75,William,4.903214994074062,42,FALSE,9,0.5448016660082291,7,42,42,0,0,35,35,0,0,280,280,0,0,"[2.496, 5.117)"
William-003-b40d3839-4bc7-474f-a40a-e8c9fb8bfd27-8,William,7.609169683828598,45,FALSE,12,0.6340974736523831,8,43,43,0,0,35,35,2,2,280,280,16,16,"[6.989, 13.8]"
William-003-b40d3839-4bc7-474f-a40a-e8c9fb8bfd27-9,William,8.660864856453287,40,FALSE,13,0.6662203735733297,11,35,35,0,0,24,24,5,5,192,192,40,40,"[6.989, 13.8]"
William-003-cce9146e-bf94-4b5d-9b48-470b076018f1-13,William,6.805417218428806,47,FALSE,10,0.6805417218428806,10,46,39,7,56,36,29,8,1,288,232,8,64,"[5.117, 6.989)"
William-003-cce9146e-bf94-4b5d-9b48-470b076018f1-14,William,6.61993607838807,49,FALSE,11,0.6018123707625519,17,44,44,0,0,27,27,5,5,216,216,40,40,"[5.117, 6.989)"
William-003-cce9146e-bf94-4b5d-9b48-470b076018f1-15,William,9.191570011292937,49,FALSE,12,0.7659641676077448,4,45,45,0,0,41,41,4,4,328,328,32,32,"[6.989, 13.8]"
William-003-cce9146e-bf94-4b5d-9b48-470b076018f1-17,William,5.820840297878921,51,FALSE,11,0.5291672998071747,4,43,43,0,0,39,39,8,8,312,312,64,64,"[5.117, 6.989)"
William-003-cce9146e-bf94-4b5d-9b48-470b076018f1-2,William,7.629453585821002,44,FALSE,10,0.7629453585821002,6,41,32,9,72,35,26,12,3,280,208,24,96,"[6.989, 13.8]"
William-003-cce9146e-bf94-4b5d-9b48-470b076018f1-27,William,6.665816157905493,46,FALSE,10,0.6665816157905493,4,39,28,11,88,35,24,18,7,280,192,56,144,"[5.117, 6.989)"
William-003-cce9146e-bf94-4b5d-9b48-470b076018f1-31,William,6.417534377632619,48,FALSE,7,0.9167906253760885,7,46,46,0,0,39,39,2,2,312,312,16,16,"[5.117, 6.989)"
William-003-cce9146e-bf94-4b5d-9b48-470b076018f1-38,William,6.168408335389884,49,FALSE,5,1.2336816670779769,5,45,45,0,0,40,40,4,4,320,320,32,32,"[5.117, 6.989)"
William-003-cce9146e-bf94-4b5d-9b48-470b076018f1-40,William,5.764034809849225,58,FALSE,4,1.4410087024623062,14,52,48,4,32,38,34,10,6,304,272,48,80,"[5.117, 6.989)"
William-003-cce9146e-bf94-4b5d-9b48-470b076018f1-6,William,9.541580762846571,NA,TRUE,8,1.1926975953558214,4,NA,NA,NA,NA,NA,NA,NA,NA,NA,NA,NA,NA,"[6.989, 13.8]"
William-003-cce9146e-bf94-4b5d-9b48-470b076018f1-8,William,7.863872057475895,56,FALSE,13,0.6049132351904535,7,50,50,0,0,43,43,6,6,344,344,48,48,"[6.989, 13.8]"
William-003-e110b3c0-c5f5-4fa7-9a7e-5fb51b58456e-14,William,6.397425794364492,49,FALSE,9,0.7108250882627213,13,43,42,1,8,30,29,7,6,240,232,48,56,"[5.117, 6.989)"
William-003-e110b3c0-c5f5-4fa7-9a7e-5fb51b58456e-16,William,7.971916205694852,43,FALSE,12,0.664326350474571,4,39,36,3,24,35,32,7,4,280,256,32,56,"[6.989, 13.8]"
William-003-e110b3c0-c5f5-4fa7-9a7e-5fb51b58456e-17,William,6.740734928506726,59,FALSE,12,0.5617279107088938,9,54,54,0,0,45,45,5,5,360,360,40,40,"[5.117, 6.989)"
William-003-e110b3c0-c5f5-4fa7-9a7e-5fb51b58456e-20,William,5.787729855293902,41,FALSE,11,0.526157259572173,4,37,37,0,0,33,33,4,4,264,264,32,32,"[5.117, 6.989)"
William-003-e110b3c0-c5f5-4fa7-9a7e-5fb51b58456e-21,William,7.028062245986205,38,FALSE,10,0.7028062245986205,12,37,37,0,0,25,25,1,1,200,200,8,8,"[6.989, 13.8]"
William-003-e110b3c0-c5f5-4fa7-9a7e-5fb51b58456e-24,William,8.21183224666078,46,FALSE,11,0.7465302042418891,13,41,41,0,0,28,28,5,5,224,224,40,40,"[6.989, 13.8]"
William-003-e110b3c0-c5f5-4fa7-9a7e-5fb51b58456e-26,William,5.123977444630489,45,FALSE,8,0.6404971805788111,6,42,38,4,32,36,32,7,3,288,256,24,56,"[5.117, 6.989)"
William-003-e110b3c0-c5f5-4fa7-9a7e-5fb51b58456e-28,William,7.374961921306525,47,FALSE,9,0.8194402134785028,5,45,42,3,24,40,37,5,2,320,296,16,40,"[6.989, 13.8]"
William-003-e110b3c0-c5f5-4fa7-9a7e-5fb51b58456e-31,William,7.285363821053341,44,FALSE,9,0.8094848690059268,5,41,36,5,40,36,31,8,3,288,248,24,64,"[6.989, 13.8]"
William-003-e110b3c0-c5f5-4fa7-9a7e-5fb51b58456e-4,William,5.754528543701623,42,FALSE,8,0.7193160679627029,5,37,37,0,0,32,32,5,5,256,256,40,40,"[5.117, 6.989)"
William-003-e110b3c0-c5f5-4fa7-9a7e-5fb51b58456e-5,William,7.913315995559197,55,FALSE,9,0.8792573328399107,11,53,44,9,72,42,33,11,2,336,264,16,88,"[6.989, 13.8]"
William-003-e110b3c0-c5f5-4fa7-9a7e-5fb51b58456e-8,William,7.172362026532177,52,FALSE,5,1.4344724053064355,14,46,46,0,0,32,32,6,6,256,256,48,48,"[6.989, 13.8]"
William_906-001-b662d35d-1396-4652-8f23-059b946ca5fd-11,William,7.261484558358907,65,FALSE,10,0.7261484558358907,23,61,61,0,0,38,38,4,4,304,304,32,32,"[6.989, 13.8]"
William_906-001-b662d35d-1396-4652-8f23-059b946ca5fd-14,William,4.494498330316031,61,FALSE,5,0.8988996660632061,16,56,55,1,8,40,39,6,5,320,312,40,48,"[2.496, 5.117)"
William_906-001-b662d35d-1396-4652-8f23-059b946ca5fd-3,William,8.149035887561036,NA,TRUE,10,0.8149035887561036,13,NA,NA,NA,NA,NA,NA,NA,NA,NA,NA,NA,NA,"[6.989, 13.8]"
William_906-001-b662d35d-1396-4652-8f23-059b946ca5fd-4,William,7.5661383804826805,53,FALSE,8,0.9457672975603351,22,46,46,0,0,24,24,7,7,192,192,56,56,"[6.989, 13.8]"
William_906-001-b662d35d-1396-4652-8f23-059b946ca5fd-5,William,10.071379156553135,66,FALSE,7,1.4387684509361622,4,60,56,4,32,56,52,10,6,448,416,48,80,"[6.989, 13.8]"
William_906-001-b662d35d-1396-4652-8f23-059b946ca5fd-9,William,6.730038790392555,55,FALSE,7,0.9614341129132222,14,49,49,0,0,35,35,6,6,280,280,48,48,"[5.117, 6.989)"
William_906-001-cd721c9b-1976-4956-9781-c4c543f91772-1,William,7.7457400669077385,63,FALSE,11,0.7041581879007035,12,61,61,0,0,49,49,2,2,392,392,16,16,"[6.989, 13.8]"
William_906-001-cd721c9b-1976-4956-9781-c4c543f91772-13,William,6.445417957311697,58,FALSE,8,0.8056772446639622,11,49,48,1,8,38,37,10,9,304,296,72,80,"[5.117, 6.989)"
William_906-001-cd721c9b-1976-4956-9781-c4c543f91772-2,William,13.800625967105665,56,FALSE,10,1.3800625967105664,5,53,53,0,0,48,48,3,3,384,384,24,24,"[6.989, 13.8]"
William_906-001-cd721c9b-1976-4956-9781-c4c543f91772-6,William,6.346257525827751,58,FALSE,8,0.7932821907284688,24,55,54,1,8,31,30,4,3,248,240,24,32,"[5.117, 6.989)"
William_906-001-cd721c9b-1976-4956-9781-c4c543f91772-7,William,6.904546732446251,45,FALSE,6,1.1507577887410418,7,36,36,0,0,29,29,9,9,232,232,72,72,"[5.117, 6.989)"
William_906-001-cd721c9b-1976-4956-9781-c4c543f91772-8,William,10.265187767608886,60,FALSE,8,1.2831484709511107,10,56,49,7,56,46,39,11,4,368,312,32,88,"[6.989, 13.8]"
William_906-001-cd721c9b-1976-4956-9781-c4c543f91772-9,William,9.680504467302596,56,FALSE,12,0.8067087056085497,11,49,49,0,0,38,38,7,7,304,304,56,56,"[6.989, 13.8]"
WT-002-971b4eb0-9727-435e-b9eb-8ef826e22d0d-1,WT,4.674616078474152,44,FALSE,7,0.6678022969248788,8,38,38,0,0,30,30,6,6,240,240,48,48,"[2.496, 5.117)"
WT-002-971b4eb0-9727-435e-b9eb-8ef826e22d0d-10,WT,4.198998499998412,44,FALSE,5,0.8397996999996824,6,40,33,7,56,34,27,11,4,272,216,32,88,"[2.496, 5.117)"
WT-002-971b4eb0-9727-435e-b9eb-8ef826e22d0d-14,WT,4.601638763657191,49,FALSE,8,0.5752048454571489,13,39,39,0,0,26,26,10,10,208,208,80,80,"[2.496, 5.117)"
WT-002-971b4eb0-9727-435e-b9eb-8ef826e22d0d-15,WT,4.669454155342155,50,FALSE,7,0.6670648793345936,8,40,40,0,0,32,32,10,10,256,256,80,80,"[2.496, 5.117)"
WT-002-971b4eb0-9727-435e-b9eb-8ef826e22d0d-18,WT,5.731193872394414,46,FALSE,8,0.7163992340493017,5,42,42,0,0,37,37,4,4,296,296,32,32,"[5.117, 6.989)"
WT-002-971b4eb0-9727-435e-b9eb-8ef826e22d0d-19,WT,4.907006979504142,57,FALSE,6,0.8178344965840236,8,51,43,8,64,43,35,14,6,344,280,48,112,"[2.496, 5.117)"
WT-002-971b4eb0-9727-435e-b9eb-8ef826e22d0d-2,WT,3.449003182547876,44,FALSE,5,0.6898006365095752,6,38,33,5,40,32,27,11,6,256,216,48,88,"[2.496, 5.117)"
WT-002-971b4eb0-9727-435e-b9eb-8ef826e22d0d-21,WT,4.966690266934828,64,FALSE,6,0.8277817111558047,7,59,53,6,48,52,46,11,5,416,368,40,88,"[2.496, 5.117)"
WT-002-971b4eb0-9727-435e-b9eb-8ef826e22d0d-24,WT,5.316545527880654,51,FALSE,6,0.8860909213134424,6,48,41,7,56,42,35,10,3,336,280,24,80,"[5.117, 6.989)"
WT-002-971b4eb0-9727-435e-b9eb-8ef826e22d0d-27,WT,3.599646673162316,49,FALSE,5,0.7199293346324632,9,46,40,6,48,37,31,9,3,296,248,24,72,"[2.496, 5.117)"
WT-002-971b4eb0-9727-435e-b9eb-8ef826e22d0d-28,WT,5.2966198664806114,53,FALSE,8,0.6620774833100764,6,47,45,2,16,41,39,8,6,328,312,48,64,"[5.117, 6.989)"
WT-002-971b4eb0-9727-435e-b9eb-8ef826e22d0d-6,WT,7.350981274965203,62,FALSE,9,0.8167756972183559,17,49,49,0,0,32,32,13,13,256,256,104,104,"[6.989, 13.8]"
WT-002-971b4eb0-9727-435e-b9eb-8ef826e22d0d-7,WT,4.753336943927955,53,FALSE,7,0.6790481348468508,9,44,44,0,0,35,35,9,9,280,280,72,72,"[2.496, 5.117)"
WT-002-971b4eb0-9727-435e-b9eb-8ef826e22d0d-8,WT,5.315706236460665,49,FALSE,7,0.7593866052086664,10,48,39,9,72,38,29,10,1,304,232,8,80,"[5.117, 6.989)"
WT-003-0a3d6451-37ae-4a6f-a83f-8c77b4d57f4a-10,WT,4.099768676246085,58,FALSE,5,0.819953735249217,11,55,41,14,112,44,30,17,3,352,240,24,136,"[2.496, 5.117)"
WT-003-0a3d6451-37ae-4a6f-a83f-8c77b4d57f4a-11,WT,6.786731586197027,43,FALSE,7,0.9695330837424325,4,41,41,0,0,37,37,2,2,296,296,16,16,"[5.117, 6.989)"
WT-003-0a3d6451-37ae-4a6f-a83f-8c77b4d57f4a-12,WT,4.901924584274001,59,FALSE,7,0.7002749406105716,14,50,50,0,0,36,36,9,9,288,288,72,72,"[2.496, 5.117)"
WT-003-0a3d6451-37ae-4a6f-a83f-8c77b4d57f4a-18,WT,6.032596201284864,59,FALSE,9,0.6702884668094293,5,50,50,0,0,45,45,9,9,360,360,72,72,"[5.117, 6.989)"
WT-003-0a3d6451-37ae-4a6f-a83f-8c77b4d57f4a-19,WT,4.822557489143156,51,FALSE,7,0.688936784163308,4,34,30,4,32,30,26,21,17,240,208,136,168,"[2.496, 5.117)"
WT-003-0a3d6451-37ae-4a6f-a83f-8c77b4d57f4a-20,WT,5.377511510149471,49,FALSE,9,0.5975012789054968,7,37,34,3,24,30,27,15,12,240,216,96,120,"[5.117, 6.989)"
WT-003-0a3d6451-37ae-4a6f-a83f-8c77b4d57f4a-21,WT,5.638156050570247,40,FALSE,10,0.5638156050570247,6,28,28,0,0,22,22,12,12,176,176,96,96,"[5.117, 6.989)"
WT-003-0a3d6451-37ae-4a6f-a83f-8c77b4d57f4a-23,WT,5.88467750879426,39,FALSE,7,0.8406682155420372,7,39,34,5,40,32,27,5,0,256,216,0,40,"[5.117, 6.989)"
WT-003-0a3d6451-37ae-4a6f-a83f-8c77b4d57f4a-32,WT,6.30130114896321,NA,TRUE,4,1.5753252872408026,5,NA,NA,NA,NA,NA,NA,NA,NA,NA,NA,NA,NA,"[5.117, 6.989)"
WT-003-0a3d6451-37ae-4a6f-a83f-8c77b4d57f4a-4,WT,5.236652316078052,62,FALSE,7,0.7480931880111503,14,53,44,9,72,39,30,18,9,312,240,72,144,"[5.117, 6.989)"
WT-003-0a3d6451-37ae-4a6f-a83f-8c77b4d57f4a-5,WT,5.333495847600581,50,FALSE,6,0.8889159746000969,15,39,32,7,56,24,17,18,11,192,136,88,144,"[5.117, 6.989)"
WT-003-0a3d6451-37ae-4a6f-a83f-8c77b4d57f4a-7,WT,6.226699715146542,54,FALSE,4,1.5566749287866355,20,54,47,7,56,34,27,7,0,272,216,0,56,"[5.117, 6.989)"
WT-003-0a3d6451-37ae-4a6f-a83f-8c77b4d57f4a-8,WT,5.9427411651778375,57,FALSE,6,0.9904568608629729,11,56,50,6,48,45,39,7,1,360,312,8,56,"[5.117, 6.989)"
WT-003-0a3d6451-37ae-4a6f-a83f-8c77b4d57f4a-9,WT,5.610955431241522,62,FALSE,6,0.9351592385402537,15,61,49,12,96,46,34,13,1,368,272,8,104,"[5.117, 6.989)"
WT-003-d9e5c575-1701-4460-9e1f-9a0228536b07-13,WT,4.6227245040487315,51,FALSE,8,0.5778405630060914,4,51,35,16,128,47,31,16,0,376,248,0,128,"[2.496, 5.117)"
WT-003-d9e5c575-1701-4460-9e1f-9a0228536b07-14,WT,5.407702436007552,52,FALSE,7,0.7725289194296503,6,48,44,4,32,42,38,8,4,336,304,32,64,"[5.117, 6.989)"
WT-003-d9e5c575-1701-4460-9e1f-9a0228536b07-15,WT,5.493518207004287,41,FALSE,4,1.3733795517510718,6,40,26,14,112,34,20,15,1,272,160,8,120,"[5.117, 6.989)"
WT-003-d9e5c575-1701-4460-9e1f-9a0228536b07-17,WT,4.77472312905417,62,FALSE,7,0.6821033041505957,6,56,49,7,56,50,43,13,6,400,344,48,104,"[2.496, 5.117)"
WT-003-d9e5c575-1701-4460-9e1f-9a0228536b07-19,WT,6.602994944176075,51,FALSE,8,0.8253743680220094,15,40,40,0,0,25,25,11,11,200,200,88,88,"[5.117, 6.989)"
WT-003-d9e5c575-1701-4460-9e1f-9a0228536b07-20,WT,4.4777153658130295,45,FALSE,7,0.6396736236875756,5,39,34,5,40,34,29,11,6,272,232,48,88,"[2.496, 5.117)"
WT-003-d9e5c575-1701-4460-9e1f-9a0228536b07-27,WT,6.44330308902919,56,FALSE,9,0.7159225654476877,7,50,49,1,8,43,42,7,6,344,336,48,56,"[5.117, 6.989)"
WT-003-d9e5c575-1701-4460-9e1f-9a0228536b07-29,WT,3.400338857186731,41,FALSE,4,0.8500847142966828,11,40,36,4,32,29,25,5,1,232,200,8,40,"[2.496, 5.117)"
WT-003-d9e5c575-1701-4460-9e1f-9a0228536b07-4,WT,7.978879668358302,60,FALSE,10,0.7978879668358302,7,49,42,7,56,42,35,18,11,336,280,88,144,"[6.989, 13.8]"
WT-003-d9e5c575-1701-4460-9e1f-9a0228536b07-7,WT,4.772259662235561,37,FALSE,8,0.5965324577794451,8,33,33,0,0,25,25,4,4,200,200,32,32,"[2.496, 5.117)"
WT-003-d9e5c575-1701-4460-9e1f-9a0228536b07-8,WT,3.840716028160865,38,FALSE,4,0.9601790070402163,6,36,30,6,48,30,24,8,2,240,192,16,64,"[2.496, 5.117)"
WT-003-d9e5c575-1701-4460-9e1f-9a0228536b07-9,WT,6.569765456967651,54,FALSE,6,1.0949609094946084,21,53,49,4,32,32,28,5,1,256,224,8,40,"[5.117, 6.989)"
WT-003-e7a7e776-9524-4c07-b149-18341c8805ea-1,WT,5.3918242242785075,76,FALSE,6,0.8986373707130846,23,51,49,2,16,28,26,27,25,224,208,200,216,"[5.117, 6.989)"
WT-003-e7a7e776-9524-4c07-b149-18341c8805ea-11,WT,5.947548746798592,62,FALSE,8,0.743443593349824,5,51,51,0,0,46,46,11,11,368,368,88,88,"[5.117, 6.989)"
WT-003-e7a7e776-9524-4c07-b149-18341c8805ea-12,WT,6.9892836703372385,52,FALSE,8,0.8736604587921548,11,49,49,0,0,38,38,3,3,304,304,24,24,"[6.989, 13.8]"
WT-003-e7a7e776-9524-4c07-b149-18341c8805ea-13,WT,5.292110844478145,51,FALSE,9,0.5880123160531272,8,43,35,8,64,35,27,16,8,280,216,64,128,"[5.117, 6.989)"
WT-003-e7a7e776-9524-4c07-b149-18341c8805ea-14,WT,5.544766758423145,41,FALSE,9,0.6160851953803494,8,40,33,7,56,32,25,8,1,256,200,8,64,"[5.117, 6.989)"
WT-003-e7a7e776-9524-4c07-b149-18341c8805ea-16,WT,5.738687495989027,44,FALSE,4,1.4346718739972568,10,44,36,8,64,34,26,8,0,272,208,0,64,"[5.117, 6.989)"
WT-003-e7a7e776-9524-4c07-b149-18341c8805ea-18,WT,4.7211420424929615,43,FALSE,6,0.7868570070821602,6,35,28,7,56,29,22,15,8,232,176,64,120,"[2.496, 5.117)"
WT-003-e7a7e776-9524-4c07-b149-18341c8805ea-2,WT,4.201119454556212,60,FALSE,4,1.050279863639053,25,54,48,6,48,29,23,12,6,232,184,48,96,"[2.496, 5.117)"
WT-003-e7a7e776-9524-4c07-b149-18341c8805ea-24,WT,7.0006841865447065,44,FALSE,4,1.7501710466361766,6,44,34,10,80,38,28,10,0,304,224,0,80,"[6.989, 13.8]"
WT-003-e7a7e776-9524-4c07-b149-18341c8805ea-25,WT,5.222884318669772,NA,TRUE,7,0.7461263312385389,7,NA,NA,NA,NA,NA,NA,NA,NA,NA,NA,NA,NA,"[5.117, 6.989)"
WT-003-e7a7e776-9524-4c07-b149-18341c8805ea-3,WT,4.042960210449799,49,FALSE,8,0.5053700263062249,19,45,45,0,0,26,26,4,4,208,208,32,32,"[2.496, 5.117)"
WT-003-e7a7e776-9524-4c07-b149-18341c8805ea-5,WT,6.90734504810918,45,FALSE,5,1.381469009621836,8,44,42,2,16,36,34,3,1,288,272,8,24,"[5.117, 6.989)"
WT_906-001-2e1f4a1c-6497-4b87-948b-92bfe417ad2e-12,WT,4.3787444653711285,49,FALSE,6,0.7297907442285214,15,45,41,4,32,30,26,8,4,240,208,32,64,"[2.496, 5.117)"
WT_906-001-2e1f4a1c-6497-4b87-948b-92bfe417ad2e-13,WT,3.79116725482178,57,FALSE,5,0.758233450964356,20,50,44,6,48,30,24,13,7,240,192,56,104,"[2.496, 5.117)"
WT_906-001-2e1f4a1c-6497-4b87-948b-92bfe417ad2e-14,WT,4.044709197105416,50,FALSE,5,0.8089418394210831,14,48,46,2,16,34,32,4,2,272,256,16,32,"[2.496, 5.117)"
WT_906-001-2e1f4a1c-6497-4b87-948b-92bfe417ad2e-16,WT,3.0676394519451375,48,FALSE,4,0.7669098629862844,24,46,42,4,32,22,18,6,2,176,144,16,48,"[2.496, 5.117)"
WT_906-001-2e1f4a1c-6497-4b87-948b-92bfe417ad2e-17,WT,4.250617740280063,NA,TRUE,4,1.0626544350700158,10,NA,NA,NA,NA,NA,NA,NA,NA,NA,NA,NA,NA,"[2.496, 5.117)"
WT_906-001-2e1f4a1c-6497-4b87-948b-92bfe417ad2e-2,WT,4.589871463329861,52,FALSE,4,1.1474678658324653,10,48,44,4,32,38,34,8,4,304,272,32,64,"[2.496, 5.117)"
WT_906-001-2e1f4a1c-6497-4b87-948b-92bfe417ad2e-20,WT,3.9576279052872456,48,FALSE,6,0.6596046508812076,12,38,38,0,0,26,26,10,10,208,208,80,80,"[2.496, 5.117)"
WT_906-001-2e1f4a1c-6497-4b87-948b-92bfe417ad2e-21,WT,3.3072713849010977,50,FALSE,3,1.1024237949670326,28,43,34,9,72,15,6,16,7,120,48,56,128,"[2.496, 5.117)"
WT_906-001-2e1f4a1c-6497-4b87-948b-92bfe417ad2e-22,WT,3.8158796406162683,45,FALSE,4,0.9539699101540671,9,40,34,6,48,31,25,11,5,248,200,40,88,"[2.496, 5.117)"
WT_906-001-2e1f4a1c-6497-4b87-948b-92bfe417ad2e-27,WT,5.480298486781144,74,FALSE,3,1.8267661622603812,13,63,44,19,152,50,31,30,11,400,248,88,240,"[5.117, 6.989)"
WT_906-001-2e1f4a1c-6497-4b87-948b-92bfe417ad2e-28,WT,4.0879198586425165,44,FALSE,4,1.0219799646606291,11,41,41,0,0,30,30,3,3,240,240,24,24,"[2.496, 5.117)"
WT_906-001-2e1f4a1c-6497-4b87-948b-92bfe417ad2e-29,WT,5.055722158127206,61,FALSE,5,1.0111444316254412,19,60,60,0,0,41,41,1,1,328,328,8,8,"[2.496, 5.117)"
WT_906-001-2e1f4a1c-6497-4b87-948b-92bfe417ad2e-30,WT,3.292968442961331,55,FALSE,4,0.8232421107403327,25,50,43,7,56,25,18,12,5,200,144,40,96,"[2.496, 5.117)"
WT_906-001-2e1f4a1c-6497-4b87-948b-92bfe417ad2e-31,WT,5.154717182232147,51,FALSE,7,0.7363881688903068,22,45,40,5,40,23,18,11,6,184,144,48,88,"[5.117, 6.989)"
WT_906-001-2e1f4a1c-6497-4b87-948b-92bfe417ad2e-34,WT,4.078598717621711,61,FALSE,3,1.3595329058739036,12,55,50,5,40,43,38,11,6,344,304,48,88,"[2.496, 5.117)"
WT_906-001-2e1f4a1c-6497-4b87-948b-92bfe417ad2e-36,WT,4.58680532402561,63,FALSE,6,0.7644675540042684,14,60,60,0,0,46,46,3,3,368,368,24,24,"[2.496, 5.117)"
WT_906-001-2e1f4a1c-6497-4b87-948b-92bfe417ad2e-37,WT,4.144253446118224,47,FALSE,4,1.036063361529556,14,43,38,5,40,29,24,9,4,232,192,32,72,"[2.496, 5.117)"
WT_906-001-2e1f4a1c-6497-4b87-948b-92bfe417ad2e-38,WT,3.459675885044712,47,FALSE,3,1.153225295014904,21,45,39,6,48,24,18,8,2,192,144,16,64,"[2.496, 5.117)"
WT_906-001-2e1f4a1c-6497-4b87-948b-92bfe417ad2e-4,WT,3.8660772090494744,47,FALSE,5,0.7732154418098949,13,38,38,0,0,25,25,9,9,200,200,72,72,"[2.496, 5.117)"
WT_906-001-2e1f4a1c-6497-4b87-948b-92bfe417ad2e-42,WT,3.744867985600509,53,FALSE,8,0.4681084982000636,18,48,48,0,0,30,30,5,5,240,240,40,40,"[2.496, 5.117)"
WT_906-001-2e1f4a1c-6497-4b87-948b-92bfe417ad2e-44,WT,4.370269416464067,46,FALSE,4,1.0925673541160168,11,41,34,7,56,30,23,12,5,240,184,40,96,"[2.496, 5.117)"
WT_906-001-2e1f4a1c-6497-4b87-948b-92bfe417ad2e-46,WT,3.492485208826947,50,FALSE,5,0.6984970417653894,19,44,44,0,0,25,25,6,6,200,200,48,48,"[2.496, 5.117)"
WT_906-001-2e1f4a1c-6497-4b87-948b-92bfe417ad2e-47,WT,4.4210978828538945,48,FALSE,4,1.1052744707134736,10,43,42,1,8,33,32,6,5,264,256,40,48,"[2.496, 5.117)"
WT_906-001-2e1f4a1c-6497-4b87-948b-92bfe417ad2e-49,WT,5.731077541299609,49,FALSE,5,1.1462155082599217,13,45,40,5,40,32,27,9,4,256,216,32,72,"[5.117, 6.989)"
WT_906-001-2e1f4a1c-6497-4b87-948b-92bfe417ad2e-50,WT,4.018000609713191,54,FALSE,5,0.8036001219426382,12,42,42,0,0,30,30,12,12,240,240,96,96,"[2.496, 5.117)"
WT_906-001-2e1f4a1c-6497-4b87-948b-92bfe417ad2e-51,WT,3.2137655753323906,58,FALSE,4,0.8034413938330977,15,49,49,0,0,34,34,9,9,272,272,72,72,"[2.496, 5.117)"
WT_906-001-2e1f4a1c-6497-4b87-948b-92bfe417ad2e-52,WT,3.2050076818634925,54,FALSE,3,1.0683358939544976,19,48,38,10,80,29,19,16,6,232,152,48,128,"[2.496, 5.117)"
WT_906-001-2e1f4a1c-6497-4b87-948b-92bfe417ad2e-53,WT,3.7499770124219918,57,FALSE,5,0.7499954024843983,13,54,54,0,0,41,41,3,3,328,328,24,24,"[2.496, 5.117)"
WT_906-001-2e1f4a1c-6497-4b87-948b-92bfe417ad2e-55,WT,5.153257831684133,52,FALSE,5,1.0306515663368265,9,47,47,0,0,38,38,5,5,304,304,40,40,"[5.117, 6.989)"
WT_906-001-2e1f4a1c-6497-4b87-948b-92bfe417ad2e-57,WT,5.370770903611367,48,FALSE,6,0.8951284839352279,9,43,36,7,56,34,27,12,5,272,216,40,96,"[5.117, 6.989)"
WT_906-001-2e1f4a1c-6497-4b87-948b-92bfe417ad2e-62,WT,3.6401188251129617,47,FALSE,6,0.6066864708521603,18,43,43,0,0,25,25,4,4,200,200,32,32,"[2.496, 5.117)"
WT_906-001-2e1f4a1c-6497-4b87-948b-92bfe417ad2e-63,WT,3.410205698221308,44,FALSE,5,0.6820411396442616,12,43,43,0,0,31,31,1,1,248,248,8,8,"[2.496, 5.117)"
WT_906-001-2e1f4a1c-6497-4b87-948b-92bfe417ad2e-64,WT,3.316210439455718,44,FALSE,3,1.1054034798185726,16,41,27,14,112,25,11,17,3,200,88,24,136,"[2.496, 5.117)"
WT_906-001-7b815a01-7c97-45ac-be37-4824af0351ad-1,WT,5.731804168913069,54,FALSE,5,1.1463608337826137,16,50,50,0,0,34,34,4,4,272,272,32,32,"[5.117, 6.989)"
WT_906-001-7b815a01-7c97-45ac-be37-4824af0351ad-10,WT,3.8434784389545094,49,FALSE,4,0.9608696097386273,11,43,37,6,48,32,26,12,6,256,208,48,96,"[2.496, 5.117)"
WT_906-001-7b815a01-7c97-45ac-be37-4824af0351ad-11,WT,3.9382360570296395,55,FALSE,4,0.9845590142574099,11,49,48,1,8,38,37,7,6,304,296,48,56,"[2.496, 5.117)"
WT_906-001-7b815a01-7c97-45ac-be37-4824af0351ad-13,WT,4.079304695445076,46,FALSE,5,0.8158609390890152,19,43,40,3,24,24,21,6,3,192,168,24,48,"[2.496, 5.117)"
WT_906-001-7b815a01-7c97-45ac-be37-4824af0351ad-15,WT,5.117340847272406,47,FALSE,4,1.2793352118181014,7,40,16,24,192,33,9,31,7,264,72,56,248,"[5.117, 6.989)"
WT_906-001-7b815a01-7c97-45ac-be37-4824af0351ad-16,WT,3.2937398655719523,53,FALSE,5,0.6587479731143905,28,41,41,0,0,13,13,12,12,104,104,96,96,"[2.496, 5.117)"
WT_906-001-7b815a01-7c97-45ac-be37-4824af0351ad-17,WT,4.39285456674901,51,FALSE,3,1.4642848555830035,13,49,42,7,56,36,29,9,2,288,232,16,72,"[2.496, 5.117)"
WT_906-001-7b815a01-7c97-45ac-be37-4824af0351ad-18,WT,4.074165613624681,69,FALSE,4,1.0185414034061702,11,66,62,4,32,55,51,7,3,440,408,24,56,"[2.496, 5.117)"
WT_906-001-7b815a01-7c97-45ac-be37-4824af0351ad-2,WT,4.253758204854034,58,FALSE,4,1.0634395512135084,14,57,56,1,8,43,42,2,1,344,336,8,16,"[2.496, 5.117)"
WT_906-001-7b815a01-7c97-45ac-be37-4824af0351ad-21,WT,4.401027849381338,46,FALSE,5,0.8802055698762675,21,39,39,0,0,18,18,7,7,144,144,56,56,"[2.496, 5.117)"
WT_906-001-7b815a01-7c97-45ac-be37-4824af0351ad-22,WT,3.821287194457608,51,FALSE,5,0.7642574388915216,17,46,43,3,24,29,26,8,5,232,208,40,64,"[2.496, 5.117)"
WT_906-001-7b815a01-7c97-45ac-be37-4824af0351ad-27,WT,7.215144782474267,64,FALSE,5,1.4430289564948535,12,60,57,3,24,48,45,7,4,384,360,32,56,"[6.989, 13.8]"
WT_906-001-7b815a01-7c97-45ac-be37-4824af0351ad-28,WT,3.3000939880615254,64,FALSE,3,1.1000313293538417,13,63,51,12,96,50,38,13,1,400,304,8,104,"[2.496, 5.117)"
WT_906-001-7b815a01-7c97-45ac-be37-4824af0351ad-29,WT,3.3093249529135678,55,FALSE,5,0.6618649905827135,15,52,45,7,56,37,30,10,3,296,240,24,80,"[2.496, 5.117)"
WT_906-001-7b815a01-7c97-45ac-be37-4824af0351ad-35,WT,3.743929722793706,65,FALSE,3,1.2479765742645685,17,61,40,21,168,44,23,25,4,352,184,32,200,"[2.496, 5.117)"
WT_906-001-7b815a01-7c97-45ac-be37-4824af0351ad-36,WT,4.185459616293352,55,FALSE,3,1.3951532054311173,15,49,46,3,24,34,31,9,6,272,248,48,72,"[2.496, 5.117)"
WT_906-001-7b815a01-7c97-45ac-be37-4824af0351ad-5,WT,3.8450547718582064,54,FALSE,4,0.9612636929645516,17,51,41,10,80,34,24,13,3,272,192,24,104,"[2.496, 5.117)"
WT_906-001-7b815a01-7c97-45ac-be37-4824af0351ad-6,WT,5.377590778862966,49,FALSE,6,0.8962651298104943,11,41,41,0,0,30,30,8,8,240,240,64,64,"[5.117, 6.989)"
WT_906-001-7b815a01-7c97-45ac-be37-4824af0351ad-8,WT,4.4039439147342225,48,FALSE,5,0.8807887829468445,13,41,36,5,40,28,23,12,7,224,184,56,96,"[2.496, 5.117)"
WT_906-001-a7cfe916-ca5c-42d0-9d22-5d684f113f75-10,WT,4.242099723569485,52,FALSE,4,1.0605249308923712,8,48,43,5,40,40,35,9,4,320,280,32,72,"[2.496, 5.117)"
WT_906-001-a7cfe916-ca5c-42d0-9d22-5d684f113f75-13,WT,4.6311803280477815,47,FALSE,6,0.7718633880079636,10,41,41,0,0,31,31,6,6,248,248,48,48,"[2.496, 5.117)"
WT_906-001-a7cfe916-ca5c-42d0-9d22-5d684f113f75-18,WT,3.0334262713005833,52,FALSE,5,0.6066852542601167,27,51,51,0,0,24,24,1,1,192,192,8,8,"[2.496, 5.117)"
WT_906-001-a7cfe916-ca5c-42d0-9d22-5d684f113f75-2,WT,3.2741477636515413,54,FALSE,4,0.8185369409128853,21,51,48,3,24,30,27,6,3,240,216,24,48,"[2.496, 5.117)"
WT_906-001-a7cfe916-ca5c-42d0-9d22-5d684f113f75-23,WT,4.446609479906887,62,FALSE,3,1.4822031599689625,16,57,43,14,112,41,27,19,5,328,216,40,152,"[2.496, 5.117)"
WT_906-001-a7cfe916-ca5c-42d0-9d22-5d684f113f75-24,WT,4.4734095523897945,54,FALSE,5,0.8946819104779589,15,54,48,6,48,39,33,6,0,312,264,0,48,"[2.496, 5.117)"
WT_906-001-a7cfe916-ca5c-42d0-9d22-5d684f113f75-25,WT,4.2511174133050735,46,FALSE,5,0.8502234826610147,8,44,34,10,80,36,26,12,2,288,208,16,96,"[2.496, 5.117)"
WT_906-001-a7cfe916-ca5c-42d0-9d22-5d684f113f75-27,WT,4.637098973557247,51,FALSE,5,0.9274197947114494,13,48,45,3,24,35,32,6,3,280,256,24,48,"[2.496, 5.117)"
WT_906-001-a7cfe916-ca5c-42d0-9d22-5d684f113f75-34,WT,3.0527303184936123,54,FALSE,5,0.6105460636987224,8,48,48,0,0,40,40,6,6,320,320,48,48,"[2.496, 5.117)"
WT_906-001-a7cfe916-ca5c-42d0-9d22-5d684f113f75-35,WT,3.37918110375168,51,FALSE,5,0.675836220750336,13,49,44,5,40,36,31,7,2,288,248,16,56,"[2.496, 5.117)"
WT_906-001-a7cfe916-ca5c-42d0-9d22-5d684f113f75-37,WT,5.623114167009694,54,FALSE,5,1.1246228334019388,9,49,46,3,24,40,37,8,5,320,296,40,64,"[5.117, 6.989)"
WT_906-001-a7cfe916-ca5c-42d0-9d22-5d684f113f75-38,WT,3.437630707772413,47,FALSE,4,0.8594076769431033,9,42,42,0,0,33,33,5,5,264,264,40,40,"[2.496, 5.117)"
WT_906-001-a7cfe916-ca5c-42d0-9d22-5d684f113f75-41,WT,5.006649016687433,58,FALSE,5,1.0013298033374867,8,52,49,3,24,44,41,9,6,352,328,48,72,"[2.496, 5.117)"
WT_906-001-a7cfe916-ca5c-42d0-9d22-5d684f113f75-44,WT,6.039023419674255,61,FALSE,6,1.0065039032790424,10,56,46,10,80,46,36,15,5,368,288,40,120,"[5.117, 6.989)"
WT_906-001-a7cfe916-ca5c-42d0-9d22-5d684f113f75-45,WT,5.768537195553435,58,FALSE,6,0.9614228659255725,14,52,52,0,0,38,38,6,6,304,304,48,48,"[5.117, 6.989)"
WT_906-001-a7cfe916-ca5c-42d0-9d22-5d684f113f75-7,WT,3.536601009806602,59,FALSE,4,0.8841502524516505,16,53,48,5,40,37,32,11,6,296,256,48,88,"[2.496, 5.117)"
WT_906-001-a7cfe916-ca5c-42d0-9d22-5d684f113f75-8,WT,4.810176088384109,64,FALSE,5,0.9620352176768219,16,57,57,0,0,41,41,7,7,328,328,56,56,"[2.496, 5.117)"
