condition,id,area,first_peak,start_size,end_size,bin_prey_area,difference_popping_point_end_of_growth_min,data,sgr_min,sgr_h
Averell,Averell-004-8c1617f7-7f66-4b94-8866-bcd44df57b83-1,9.434212847904258,52,0.5206221937062,13.823979707205101,"[6.133, 15.79]",-24,,0.00803407031995477,0.4820442191972862
Averell,Averell-004-8c1617f7-7f66-4b94-8866-bcd44df57b83-2,9.190169526006722,48,1.03028392017648,11.874547244829008,"[6.133, 15.79]",-16,,0.0067508198347239765,0.4050491900834386
Averell,Averell-004-8c1617f7-7f66-4b94-8866-bcd44df57b83-3,10.69179366872828,45,0.9590408831430001,5.432667022282053,"[6.133, 15.79]",-24,,0.004807902732476146,0.28847416394856873
Averell,Averell-004-8c1617f7-7f66-4b94-8866-bcd44df57b83-4,9.094417651823411,45,1.0850862563560801,9.43038050105515,"[6.133, 15.79]",-24,,0.0061516038180236855,0.36909622908142115
Averell,Averell-004-8c1617f7-7f66-4b94-8866-bcd44df57b83-5,10.62212917860424,44,0.89875831334544,12.39080821020756,"[6.133, 15.79]",0,,0.007944509409712185,0.4766705645827311
Averell,Averell-004-8c1617f7-7f66-4b94-8866-bcd44df57b83-6,7.153858652068972,44,0.7672327065144,6.7214991965811235,"[6.133, 15.79]",-16,,0.006343812062424505,0.3806287237454703
Averell,Averell-004-8c1617f7-7f66-4b94-8866-bcd44df57b83-7,9.251178907253562,50,0.8494362107838,10.466640895800856,"[6.133, 15.79]",-8,,0.006805183053022585,0.4083109831813551
Averell,Averell-004-8c1617f7-7f66-4b94-8866-bcd44df57b83-8,11.146136419241348,52,1.26593396574876,15.852324696433321,"[6.133, 15.79]",-24,,0.00628376665916453,0.3770259995498718
Averell,Averell-004-8c1617f7-7f66-4b94-8866-bcd44df57b83-9,6.991506052608647,42,1.0850862563560801,6.944685782789418,"[6.133, 15.79]",-8,,0.00568656127486853,0.34119367649211185
Averell,Averell-004-8c1617f7-7f66-4b94-8866-bcd44df57b83-10,8.567268084828786,43,0.89875831334544,11.566770700354683,"[6.133, 15.79]",-8,,0.007969811896695083,0.47818871380170497
Averell,Averell-004-8c1617f7-7f66-4b94-8866-bcd44df57b83-14,7.79638438212009,54,1.0850862563560801,9.320018499740728,"[6.133, 15.79]",0,,0.005006097558585891,0.3003658535151535
Averell,Averell-004-8c1617f7-7f66-4b94-8866-bcd44df57b83-16,7.357153098135679,42,0.8768373788736,7.03661996546064,"[6.133, 15.79]",8,,0.00714444504691371,0.4286667028148226
Averell,Averell-004-8c1617f7-7f66-4b94-8866-bcd44df57b83-17,10.242754868238457,44,0.61926639882948,12.538170416884745,"[6.133, 15.79]",-8,,0.00893240809855253,0.5359444859131518
Averell,Averell-004-8c1617f7-7f66-4b94-8866-bcd44df57b83-19,6.257939481114675,41,0.70695013671684,7.163720984706396,"[6.133, 15.79]",0,,0.007456002254293754,0.44736013525762525
Averell,Averell-004-8c1617f7-7f66-4b94-8866-bcd44df57b83-20,5.90318583847261,38,0.72887107118868,5.68300226182452,"[4.427, 6.133)",8,,0.007015087175087889,0.42090523050527334
Averell,Averell-004-8c1617f7-7f66-4b94-8866-bcd44df57b83-22,12.643394870764144,54,1.10152695720996,16.356573746808987,"[6.133, 15.79]",-16,,0.006652104381889836,0.3991262629133902
Averell,Averell-004-8c1617f7-7f66-4b94-8866-bcd44df57b83-24,8.598644923173199,48,0.90971878058136,9.288450134074221,"[6.133, 15.79]",-16,,0.006676627071533877,0.4005976242920326
Averell,Averell-004-8c1617f7-7f66-4b94-8866-bcd44df57b83-27,15.7920273656028,48,1.4961037777030801,16.07900543509464,"[6.133, 15.79]",-8,,0.0067935088469744135,0.4076105308184648
Averell,Averell-004-8c1617f7-7f66-4b94-8866-bcd44df57b83-28,4.788311146409949,42,0.8932780797274801,3.03056919073188,"[4.427, 6.133)",8,,0.0037147426397952602,0.22288455838771562
Averell,Averell-004-8c1617f7-7f66-4b94-8866-bcd44df57b83-29,11.423941003938385,51,1.35361770363612,13.450649749072209,"[6.133, 15.79]",-40,,0.006481255769193491,0.38887534615160946
Averell,Averell-004-8c1617f7-7f66-4b94-8866-bcd44df57b83-30,11.507154793454227,56,1.09056648997404,15.630241070098002,"[6.133, 15.79]",-32,,0.006506059359644371,0.39036356157866225
Averell,Averell-004-8c1617f7-7f66-4b94-8866-bcd44df57b83-31,7.701477888944339,47,1.0138432193226001,7.9901405199999624,"[6.133, 15.79]",-8,,0.0055728402381631445,0.33437041428978864
Averell,Averell-004-3b89e160-f344-4348-ac34-df1c494fd317-1,12.936733071335176,50,1.2933351338385601,14.34725161181928,"[6.133, 15.79]",-8,,0.006285042423013065,0.3771025453807839
Averell,Averell-004-3b89e160-f344-4348-ac34-df1c494fd317-4,6.744172124697936,71,0.6795489686270401,3.62243442147156,"[6.133, 15.79]",-48,,0.002810862249958554,0.16865173499751326
Averell,Averell-004-3b89e160-f344-4348-ac34-df1c494fd317-9,6.4684813905029355,52,0.7946338746042,10.070078739456418,"[6.133, 15.79]",16,,0.006092258810788462,0.3655355286473077
Averell,Averell-004-3b89e160-f344-4348-ac34-df1c494fd317-10,13.758807125721564,56,0.66310826777316,19.527001158233414,"[6.133, 15.79]",-72,,0.00782471951054809,0.46948317063288547
Averell,Averell-004-3b89e160-f344-4348-ac34-df1c494fd317-11,8.971297969751008,48,0.72887107118868,8.213612801579982,"[6.133, 15.79]",-96,,0.006162099556878748,0.3697259734127249
Averell,Averell-004-3b89e160-f344-4348-ac34-df1c494fd317-12,9.882776131315255,36,1.05768508826628,9.95758448383332,"[6.133, 15.79]",0,,0.008032830280302954,0.48196981681817724
Averell,Averell-004-3b89e160-f344-4348-ac34-df1c494fd317-14,9.64450985291235,48,0.65214780053724,10.919572065374979,"[6.133, 15.79]",0,,0.007429134505648525,0.4457480703389115
Averell,Averell-004-3b89e160-f344-4348-ac34-df1c494fd317-15,8.89569906287005,39,1.41938050705164,8.17102832437836,"[6.133, 15.79]",0,,0.005416286248459791,0.3249771749075875
Averell,Averell-004-3b89e160-f344-4348-ac34-df1c494fd317-16,9.932130452638903,46,1.25497349851284,11.58498531740258,"[6.133, 15.79]",-16,,0.006238868863908225,0.3743321318344935
Averell,Averell-004-3b89e160-f344-4348-ac34-df1c494fd317-17,9.366430223283302,44,0.91519901419932,8.41763883718656,"[6.133, 15.79]",8,,0.006990393664281358,0.4194236198568815
Averell,Averell-004-eb298c00-60ae-4c0f-bfbd-5789acd2c352-2,6.760427858388686,37,0.35621518516740003,5.00345329319748,"[6.133, 15.79]",16,,0.007509333900280601,0.45056003401683603
Averell,Averell-004-eb298c00-60ae-4c0f-bfbd-5789acd2c352-8,10.15007763967946,44,0.26305121366208,12.5223338170386,"[6.133, 15.79]",0,,0.009138795833952273,0.5483277500371364
Averell,Averell-004-eb298c00-60ae-4c0f-bfbd-5789acd2c352-9,8.280792311875066,33,0.56994429626784,2.33457952125096,"[6.133, 15.79]",40,,0.0042267190076216935,0.2536031404573016
Averell,Averell-004-eb298c00-60ae-4c0f-bfbd-5789acd2c352-16,9.99815267293553,48,0.6083059315935601,11.62356014219682,"[6.133, 15.79]",0,,0.007252553173964474,0.43515319043786843
Averell,Averell-004-eb298c00-60ae-4c0f-bfbd-5789acd2c352-18,9.788286638591355,44,0.36717565240332,12.476452506688338,"[6.133, 15.79]",0,,0.009334041082179324,0.5600424649307594
Averell,Averell-004-eb298c00-60ae-4c0f-bfbd-5789acd2c352-19,6.518170123605903,39,1.0138432193226001,6.4118733330132,"[6.133, 15.79]",0,,0.0059377374801614985,0.35626424880968993
Averell,Averell-004-eb298c00-60ae-4c0f-bfbd-5789acd2c352-20,6.3521202407417405,37,0.94260018228912,6.51051753813648,"[6.133, 15.79]",0,,0.006714191346040444,0.40285148076242666
Averell,Averell-004-eb298c00-60ae-4c0f-bfbd-5789acd2c352-22,12.286492372629118,52,0.97548158399688,14.711864787519623,"[6.133, 15.79]",-24,,0.006958217335617102,0.4174930401370261
Averell,Averell-005-c5baaa7b-ed44-473f-8287-3ee7ad122cd5-2,9.217692164820651,48,1.07412578912016,8.26967252950164,"[6.133, 15.79]",0,,0.005766236757757639,0.3459742054654583
Averell,Averell-005-c5baaa7b-ed44-473f-8287-3ee7ad122cd5-3,8.143177139182272,51,1.0850862563560801,5.2884254413314,"[6.133, 15.79]",-160,,0.004337424373188471,0.26024546239130825
Averell,Averell-005-c5baaa7b-ed44-473f-8287-3ee7ad122cd5-5,6.618608996009385,41,0.9974025184687201,4.4663903986374,"[6.133, 15.79]",8,,0.005325829718271236,0.31954978309627413
Averell,Averell-005-c5baaa7b-ed44-473f-8287-3ee7ad122cd5-8,6.595548231451307,47,0.97000135037892,7.04758043269656,"[6.133, 15.79]",-88,,0.0059627887250425435,0.3577673235025526
Averell,Averell-005-c5baaa7b-ed44-473f-8287-3ee7ad122cd5-23,9.723370372765173,43,1.10700719082792,7.990180614985681,"[6.133, 15.79]",-136,,0.006286718566061639,0.3772031139636983
Averell,Averell-005-c5baaa7b-ed44-473f-8287-3ee7ad122cd5-24,8.806816933280281,50,1.18921069509732,7.76549103664932,"[6.133, 15.79]",-88,,0.005372914962224483,0.32237489773346895
Averell,Averell-005-c5baaa7b-ed44-473f-8287-3ee7ad122cd5-27,10.069787788996972,45,1.12892812529976,7.940371959971176,"[6.133, 15.79]",-88,,0.006178348290136656,0.3707008974081994
Averell,Averell-005-c5baaa7b-ed44-473f-8287-3ee7ad122cd5-28,8.77304698325133,45,0.8877978461095201,5.03633469490524,"[6.133, 15.79]",8,,0.005641594169557273,0.3384956501734364
Averell,Averell-005-c5baaa7b-ed44-473f-8287-3ee7ad122cd5-31,7.729212374225018,44,1.10152695720996,4.48283109949128,"[6.133, 15.79]",-56,,0.004775750722493033,0.286545043349582
Averell,Averell-005-8e246bdf-a65d-49f8-bbd9-cec3d2817271-10,10.820369327999039,56,0.8494362107838,9.686156951426273,"[6.133, 15.79]",-8,,0.006090368840163897,0.36542213040983385
Averell,Averell-005-8e246bdf-a65d-49f8-bbd9-cec3d2817271-18,7.961473576447975,45,1.10700719082792,8.733739847233247,"[6.133, 15.79]",0,,0.006298626061663363,0.3779175636998018
Averell,Averell-005-8e246bdf-a65d-49f8-bbd9-cec3d2817271-25,12.066576440895062,44,1.7153131224214802,13.064876945216641,"[6.133, 15.79]",0,,0.005663578838087003,0.3398147302852202
Averell,Averell-005-8e246bdf-a65d-49f8-bbd9-cec3d2817271-39,6.95601824941251,43,1.25497349851284,5.6446406264988,"[6.133, 15.79]",0,,0.004492520642034101,0.26955123852204604
Averell,Averell-005-8e246bdf-a65d-49f8-bbd9-cec3d2817271-42,8.937591389926068,46,0.59734546435764,6.3296698287438,"[6.133, 15.79]",0,,0.00673564392151991,0.4041386352911946
Averell,Averell-005-8e246bdf-a65d-49f8-bbd9-cec3d2817271-50,10.258441908101348,41,1.41390027343368,8.23171924651598,"[6.133, 15.79]",0,,0.0055892098509146785,0.3353525910548807
Averell,Averell-005-8e246bdf-a65d-49f8-bbd9-cec3d2817271-54,14.373878505069683,59,1.37553863810796,15.213835977193106,"[6.133, 15.79]",-16,,0.005800424871155197,0.3480254922693118
Averell,Averell-005-8e246bdf-a65d-49f8-bbd9-cec3d2817271-58,13.417281737200273,85,0.7507920056605201,18.323352754429774,"[6.133, 15.79]",-288,,0.005612542706340522,0.33675256238043133
Averell,Averell-005-8e246bdf-a65d-49f8-bbd9-cec3d2817271-67,8.011567462385623,37,1.41390027343368,5.488989219640264,"[6.133, 15.79]",24,,0.004824595365342673,0.28947572192056037
Averell,Averell-005-8e246bdf-a65d-49f8-bbd9-cec3d2817271-78,8.17079708365619,46,1.33169676916428,6.2639070253282805,"[6.133, 15.79]",8,,0.004849305100542437,0.29095830603254624
Averell,Averell-005-8e246bdf-a65d-49f8-bbd9-cec3d2817271-80,10.709176068010944,48,1.3128327192254,12.206691022646288,"[6.133, 15.79]",40,,0.0048942319489522195,0.29365391693713316
Averell,Averell-005-8e246bdf-a65d-49f8-bbd9-cec3d2817271-81,9.039598923819975,57,1.1547311227280534,12.209488860468758,"[6.133, 15.79]",-48,,0.005789609399573608,0.34737656397441646
Averell,Averell-005-8e246bdf-a65d-49f8-bbd9-cec3d2817271-82,9.095042891035268,41,1.2604537321308,4.4663903986374,"[6.133, 15.79]",8,,0.004341421340265014,0.26048528041590086
Joe,Joe-004-992c06ba-426d-4f2b-98a6-cc227e46c4c7-1,7.309973861070113,44,1.11796765806384,7.677867583990545,"[6.133, 15.79]",0,,0.006691623035069154,0.40149738210414926
Joe,Joe-004-992c06ba-426d-4f2b-98a6-cc227e46c4c7-3,3.807870092760299,33,0.6795489686270401,2.66887377194652,"[1.727, 4.427)",16,,0.005639107847917266,0.33834647087503594
Joe,Joe-004-992c06ba-426d-4f2b-98a6-cc227e46c4c7-4,3.6024837730388173,34,0.58638499712172,2.849418214237173,"[1.727, 4.427)",8,,0.006558259188298501,0.3934955512979101
Joe,Joe-004-992c06ba-426d-4f2b-98a6-cc227e46c4c7-6,4.80323066956484,36,0.89875831334544,3.29910063801192,"[4.427, 6.133)",0,,0.004210562984015985,0.25263377904095913
Joe,Joe-004-992c06ba-426d-4f2b-98a6-cc227e46c4c7-7,4.834265567140941,34,0.8165548090760401,3.67723675765116,"[4.427, 6.133)",8,,0.004656564404153949,0.27939386424923696
Joe,Joe-004-992c06ba-426d-4f2b-98a6-cc227e46c4c7-8,4.477290069180022,31,0.6576280341552,2.9169601778488206,"[4.427, 6.133)",16,,0.0065670600827993555,0.39402360496796135
Joe,Joe-004-992c06ba-426d-4f2b-98a6-cc227e46c4c7-10,2.144326872081129,13,0.0822035042694,0.62474663244744,"[1.727, 4.427)",24,,0.026409747553261854,1.5845848531957112
Joe,Joe-004-992c06ba-426d-4f2b-98a6-cc227e46c4c7-11,6.13415483714607,41,0.84395597716584,3.88000540151568,"[6.133, 15.79]",72,,0.0050891973538279515,0.30535184122967707
Joe,Joe-004-992c06ba-426d-4f2b-98a6-cc227e46c4c7-12,4.892744956487562,40,0.63570709968336,3.278703079954866,"[4.427, 6.133)",-8,,0.006895036643798225,0.4137021986278935
Joe,Joe-004-992c06ba-426d-4f2b-98a6-cc227e46c4c7-14,3.4322240901585763,29,0.61378616521152,3.35390297419152,"[1.727, 4.427)",8,,0.007813943554002173,0.4688366132401304
Joe,Joe-004-992c06ba-426d-4f2b-98a6-cc227e46c4c7-15,3.943751714320603,37,0.72887107118868,3.07441105967556,"[1.727, 4.427)",16,,0.005682884877250295,0.3409730926350177
Joe,Joe-004-992c06ba-426d-4f2b-98a6-cc227e46c4c7-17,3.781649051691833,32,0.65214780053724,2.88808311666492,"[1.727, 4.427)",16,,0.006514457761087343,0.39086746566524055
Joe,Joe-004-992c06ba-426d-4f2b-98a6-cc227e46c4c7-21,7.029130077872444,41,0.86587691163768,8.550735115849168,"[6.133, 15.79]",0,,0.007243600893515346,0.43461605361092076
Joe,Joe-004-992c06ba-426d-4f2b-98a6-cc227e46c4c7-22,4.634824267369994,36,1.03576415379444,3.79232166362832,"[4.427, 6.133)",16,,0.004404260184686633,0.264255611081198
Joe,Joe-004-992c06ba-426d-4f2b-98a6-cc227e46c4c7-24,5.040558284818969,37,1.05220485464832,3.65531582317932,"[4.427, 6.133)",0,,0.005023649584567248,0.30141897507403487
Joe,Joe-004-992c06ba-426d-4f2b-98a6-cc227e46c4c7-25,4.954411291170863,41,1.0850862563560801,3.022120841343525,"[4.427, 6.133)",16,,0.003576195113761671,0.21457170682570026
Joe,Joe-004-992c06ba-426d-4f2b-98a6-cc227e46c4c7-29,2.4868501813267097,15,0.12604537321308001,0.97548158399688,"[1.727, 4.427)",0,,0.01795073133764172,1.0770438802585032
Joe,Joe-004-992c06ba-426d-4f2b-98a6-cc227e46c4c7-32,4.785295227001561,39,0.8932780797274801,3.8947246681759524,"[4.427, 6.133)",-72,,0.005607213448397443,0.3364328069038466
Joe,Joe-004-992c06ba-426d-4f2b-98a6-cc227e46c4c7-34,4.69956079072217,33,0.8549164444017601,3.46350764655072,"[4.427, 6.133)",8,,0.005961332682784786,0.35767996096708715
Joe,Joe-004-992c06ba-426d-4f2b-98a6-cc227e46c4c7-35,6.160280142875823,43,1.03576415379444,4.6855997433558,"[6.133, 15.79]",8,,0.004892645021072774,0.29355870126436645
Joe,Joe-004-992c06ba-426d-4f2b-98a6-cc227e46c4c7-36,4.269227766576964,36,0.97548158399688,3.66079605679728,"[1.727, 4.427)",-72,,0.005322173350299883,0.319330401017993
Joe,Joe-004-992c06ba-426d-4f2b-98a6-cc227e46c4c7-38,6.230320594963049,38,0.93711994867116,5.184301002590161,"[6.133, 15.79]",-8,,0.006524022861094227,0.3914413716656536
Joe,Joe-004-992c06ba-426d-4f2b-98a6-cc227e46c4c7-39,4.6501417786817605,34,0.8494362107838,4.313353400385934,"[4.427, 6.133)",16,,0.00636095664114398,0.3816573984686388
Joe,Joe-004-992c06ba-426d-4f2b-98a6-cc227e46c4c7-41,3.610140699813918,32,0.72887107118868,3.459269310762284,"[1.727, 4.427)",16,,0.0071086443465831085,0.4265186607949865
Joe,Joe-004-992c06ba-426d-4f2b-98a6-cc227e46c4c7-44,4.636120892741472,35,0.63570709968336,3.9183670368414,"[4.427, 6.133)",-24,,0.007468923124440612,0.4481353874664367
Joe,Joe-004-992c06ba-426d-4f2b-98a6-cc227e46c4c7-52,5.491088916667912,41,0.94808041590708,4.5979160054684405,"[4.427, 6.133)",0,,0.0050633047064070425,0.3037982823844225
Joe,Joe-004-992c06ba-426d-4f2b-98a6-cc227e46c4c7-53,2.2825039111178413,18,0.44389892305476003,1.10152695720996,"[1.727, 4.427)",-40,,0.006635512357927033,0.398130741475622
Joe,Joe-004-992c06ba-426d-4f2b-98a6-cc227e46c4c7-56,5.6209709967005725,37,1.04672462103036,6.0258219867790945,"[4.427, 6.133)",8,,0.007185595628003549,0.4311357376802129
Joe,Joe-004-992c06ba-426d-4f2b-98a6-cc227e46c4c7-58,3.5908981702441376,31,0.7398315384246,2.89904358390084,"[1.727, 4.427)",8,,0.0062958477303139485,0.37775086381883693
Joe,Joe-004-992c06ba-426d-4f2b-98a6-cc227e46c4c7-60,4.101595328806977,33,0.50596383634964,3.754591587846534,"[1.727, 4.427)",48,,0.007969054258953646,0.4781432555372188
Joe,Joe-004-992c06ba-426d-4f2b-98a6-cc227e46c4c7-61,4.204328417614288,35,0.7398315384246,3.19431822177936,"[1.727, 4.427)",32,,0.005096461644334553,0.30578769866007316
Joe,Joe-004-992c06ba-426d-4f2b-98a6-cc227e46c4c7-64,3.725104191705846,32,0.87135714525564,3.7539600283026,"[1.727, 4.427)",8,,0.006670406709435801,0.40022440256614805
Joe,Joe-004-992c06ba-426d-4f2b-98a6-cc227e46c4c7-66,5.101599865167719,37,0.583652299282383,4.89401196855632,"[4.427, 6.133)",32,,0.004832376579050519,0.28994259474303113
Joe,Joe-004-992c06ba-426d-4f2b-98a6-cc227e46c4c7-70,2.007351125593818,10,0.04384186894368,0.9974025184687201,"[1.727, 4.427)",16,,0.04710300416836557,2.826180250101934
Joe,Joe-004-992c06ba-426d-4f2b-98a6-cc227e46c4c7-75,4.164103160226606,35,0.89875831334544,4.422260921097922,"[1.727, 4.427)",16,,0.006284230844399081,0.37705385066394487
Joe,Joe-004-992c06ba-426d-4f2b-98a6-cc227e46c4c7-79,4.4039565264721485,35,1.0669603491925588,4.209933731175988,"[1.727, 4.427)",32,,0.0039581568838012995,0.23748941302807797
Joe,Joe-004-992c06ba-426d-4f2b-98a6-cc227e46c4c7-80,4.625192076595244,43,0.8165548090760401,4.0608531109083605,"[4.427, 6.133)",0,,0.005482113901958259,0.32892683411749557
Joe,Joe-004-992c06ba-426d-4f2b-98a6-cc227e46c4c7-83,4.291781780986874,35,0.8220350426940001,3.6313295582708984,"[1.727, 4.427)",8,,0.006039749208196184,0.36238495249177105
Joe,Joe-004-992c06ba-426d-4f2b-98a6-cc227e46c4c7-86,5.598117113178736,34,0.9864420512328,4.4937915667272,"[4.427, 6.133)",8,,0.0065193779924543165,0.391162679547259
Joe,Joe-004-992c06ba-426d-4f2b-98a6-cc227e46c4c7-89,4.486620614813874,34,0.84395597716584,3.61147395423564,"[4.427, 6.133)",8,,0.005749681125370393,0.3449808675222236
Joe,Joe-004-992c06ba-426d-4f2b-98a6-cc227e46c4c7-90,3.691904772623266,33,0.77271294013236,3.9731693730210003,"[1.727, 4.427)",16,,0.0068883328128252945,0.4132999687695177
Joe,Joe-004-992c06ba-426d-4f2b-98a6-cc227e46c4c7-91,3.925599000299062,25,0.9261594814352401,2.2962178859252402,"[1.727, 4.427)",16,,0.005153542937095523,0.3092125762257314
Joe,Joe-004-992c06ba-426d-4f2b-98a6-cc227e46c4c7-94,3.91452020780641,33,0.7179106039527601,3.34842274057356,"[1.727, 4.427)",8,,0.006681535648104435,0.4008921388862661
Joe,Joe-004-992c06ba-426d-4f2b-98a6-cc227e46c4c7-96,4.51573744362536,34,0.72887107118868,3.66627629041524,"[4.427, 6.133)",8,,0.007190843515156568,0.43145061090939407
Joe,Joe-004-992c06ba-426d-4f2b-98a6-cc227e46c4c7-99,3.94938866618981,32,0.86039667801972,2.63599237023876,"[1.727, 4.427)",8,,0.00481701594133056,0.2890209564798336
Joe,Joe-004-05e2295a-1b8b-409f-a70a-2bb2932dfa75-2,3.127322846616565,28,0.62474663244744,2.1592120454762402,"[1.727, 4.427)",16,,0.006468994033905957,0.3881396420343574
Joe,Joe-004-05e2295a-1b8b-409f-a70a-2bb2932dfa75-5,4.432897146437435,30,0.8220350426940001,3.05249012520372,"[4.427, 6.133)",8,,0.006029435991159379,0.36176615946956275
Joe,Joe-004-05e2295a-1b8b-409f-a70a-2bb2932dfa75-6,4.686016365876653,37,0.9261594814352401,3.2662192363041602,"[4.427, 6.133)",8,,0.004457129745076523,0.2674277847045914
Joe,Joe-004-05e2295a-1b8b-409f-a70a-2bb2932dfa75-7,3.8156459764620134,25,0.81107457545808,2.75107727621592,"[1.727, 4.427)",-48,,0.005443880998439992,0.3266328599063995
Joe,Joe-004-05e2295a-1b8b-409f-a70a-2bb2932dfa75-12,3.753208952633731,31,0.80011410822216,2.52638769787956,"[1.727, 4.427)",16,,0.005661403273017239,0.3396841963810343
Joe,Joe-004-05e2295a-1b8b-409f-a70a-2bb2932dfa75-14,4.641101800652384,39,0.7179106039527601,2.61955166938488,"[4.427, 6.133)",16,,0.00459964067652269,0.2759784405913614
Joe,Joe-004-05e2295a-1b8b-409f-a70a-2bb2932dfa75-15,4.526415871204456,33,1.0138432193226001,3.11277269500128,"[4.427, 6.133)",16,,0.004116926188835375,0.2470155713301225
Joe,Joe-004-05e2295a-1b8b-409f-a70a-2bb2932dfa75-18,4.731592899825106,34,0.86587691163768,3.5676320852919603,"[4.427, 6.133)",-40,,0.006282003485424304,0.3769202091254582
Joe,Joe-004-05e2295a-1b8b-409f-a70a-2bb2932dfa75-19,3.713634473551599,38,0.8877978461095201,3.58407278614584,"[1.727, 4.427)",-24,,0.005021280928909439,0.30127685573456636
Joe,Joe-004-05e2295a-1b8b-409f-a70a-2bb2932dfa75-23,3.529065502255121,36,0.46033962390864003,3.6717565240332,"[1.727, 4.427)",-56,,0.007407960020389431,0.4444776012233659
Joe,Joe-004-05e2295a-1b8b-409f-a70a-2bb2932dfa75-24,4.815536510432347,33,0.94260018228912,3.77040072915648,"[4.427, 6.133)",-32,,0.006222643751321602,0.3733586250792961
Joe,Joe-004-b8df0b10-62a8-4600-9fa1-0c1ab7c0d6f1-2,5.698570921910028,40,0.7398315384246,5.23910333876976,"[4.427, 6.133)",16,,0.0070373278724855035,0.4222396723491302
Joe,Joe-004-b8df0b10-62a8-4600-9fa1-0c1ab7c0d6f1-4,3.4786933515572627,34,0.51514196008824,2.55378886596936,"[1.727, 4.427)",16,,0.006321621803197575,0.3792973081918545
Joe,Joe-004-b8df0b10-62a8-4600-9fa1-0c1ab7c0d6f1-5,1.7266210825023705,26,0.06576280341552,0.20824887748248,"[1.727, 4.427)",176,,0.003925198409295021,0.23551190455770127
Joe,Joe-004-b8df0b10-62a8-4600-9fa1-0c1ab7c0d6f1-6,3.8150302719600973,31,0.7946338746042,2.1372911110044,"[1.727, 4.427)",16,,0.004388476480440981,0.26330858882645886
Joe,Joe-004-b8df0b10-62a8-4600-9fa1-0c1ab7c0d6f1-7,5.508020249983513,36,0.83299550992992,3.8635647006618,"[4.427, 6.133)",8,,0.0061584216686134535,0.3695053001168072
Joe,Joe-004-b8df0b10-62a8-4600-9fa1-0c1ab7c0d6f1-8,5.6160373343621295,41,0.8165548090760401,5.458312683488161,"[4.427, 6.133)",8,,0.006231399881792536,0.37388399290755214
Joe,Joe-004-b8df0b10-62a8-4600-9fa1-0c1ab7c0d6f1-9,5.0937404477396875,39,0.8494362107838,4.53215320205292,"[4.427, 6.133)",8,,0.005864204681027857,0.3518522808616714
Joe,Joe-004-b8df0b10-62a8-4600-9fa1-0c1ab7c0d6f1-11,2.3152932509559827,15,0.17536747577472,1.1563292933895601,"[1.727, 4.427)",8,,0.021395916385791997,1.28375498314752
Joe,Joe-004-b8df0b10-62a8-4600-9fa1-0c1ab7c0d6f1-14,6.639257413564512,43,0.98096181761484,6.987297862899,"[6.133, 15.79]",8,,0.006971593617609165,0.4182956170565499
Joe,Joe-004-b8df0b10-62a8-4600-9fa1-0c1ab7c0d6f1-15,3.7730550239348304,47,0.7891536409862401,3.1340470835144716,"[1.727, 4.427)",-48,,0.0049544465918834385,0.29726679551300633
Joe,Joe-004-b8df0b10-62a8-4600-9fa1-0c1ab7c0d6f1-16,4.128264787671156,33,0.73435130480664,3.03056919073188,"[1.727, 4.427)",8,,0.006182786871180251,0.3709672122708151
Joe,Joe-004-b8df0b10-62a8-4600-9fa1-0c1ab7c0d6f1-18,5.322649690655449,29,0.49870125923436004,2.9593261536984,"[4.427, 6.133)",16,,0.007151336391709248,0.4290801835025549
Joe,Joe-004-b8df0b10-62a8-4600-9fa1-0c1ab7c0d6f1-19,5.197838835594601,38,0.90971878058136,5.422156634302212,"[4.427, 6.133)",-8,,0.006789570410495975,0.4073742246297585
Joe,Joe-004-b8df0b10-62a8-4600-9fa1-0c1ab7c0d6f1-21,3.691634685810709,33,0.72887107118868,2.5921505012950803,"[1.727, 4.427)",8,,0.005941636611092772,0.3564981966655663
Joe,Joe-004-b8df0b10-62a8-4600-9fa1-0c1ab7c0d6f1-22,2.467444235123901,13,0.20276864386452,1.13440835891772,"[1.727, 4.427)",24,,0.020288649061549518,1.217318943692971
Joe,Joe-004-b8df0b10-62a8-4600-9fa1-0c1ab7c0d6f1-25,2.9050253086733804,23,0.29593261536984,1.81943756116272,"[1.727, 4.427)",-80,,0.010844829368254826,0.6506897620952896
Joe,Joe-004-b8df0b10-62a8-4600-9fa1-0c1ab7c0d6f1-30,2.4801494205833405,26,0.69050943586296,2.5630362698100835,"[1.727, 4.427)",0,,0.00770478009261397,0.4622868055568382
Joe,Joe-004-b8df0b10-62a8-4600-9fa1-0c1ab7c0d6f1-31,4.6440279139184515,35,0.9042385469634,3.7101181593589203,"[4.427, 6.133)",8,,0.0060450662286010565,0.3627039737160634
Joe,Joe-004-b8df0b10-62a8-4600-9fa1-0c1ab7c0d6f1-33,5.329917977934455,36,0.8549164444017601,4.29102292286268,"[4.427, 6.133)",8,,0.006790176224936865,0.4074105734962119
Joe,Joe-004-b8df0b10-62a8-4600-9fa1-0c1ab7c0d6f1-34,4.671930255855443,41,0.83847574354788,3.72107862659484,"[4.427, 6.133)",8,,0.00502859602248606,0.30171576134916356
Joe,Joe-004-b8df0b10-62a8-4600-9fa1-0c1ab7c0d6f1-36,3.9954778053985116,47,0.61378616521152,1.86875966372436,"[1.727, 4.427)",96,,0.003386817083813275,0.2032090250287965
Joe,Joe-004-b8df0b10-62a8-4600-9fa1-0c1ab7c0d6f1-37,6.06136324506959,32,1.0412443874124,3.79780189724628,"[4.427, 6.133)",24,,0.004903472988205272,0.2942083792923163
Joe,Joe-004-b8df0b10-62a8-4600-9fa1-0c1ab7c0d6f1-38,3.8432219668965466,33,0.94808041590708,3.10181222776536,"[1.727, 4.427)",-56,,0.005227813064967093,0.31366878389802555
Joe,Joe-004-b8df0b10-62a8-4600-9fa1-0c1ab7c0d6f1-39,4.220426076719483,37,0.66310826777316,3.44158671207888,"[1.727, 4.427)",8,,0.006131724119537303,0.36790344717223816
Joe,Joe-004-b8df0b10-62a8-4600-9fa1-0c1ab7c0d6f1-41,5.198696221852842,41,0.94808041590708,4.521192734817,"[4.427, 6.133)",0,,0.005084791251159933,0.305087475069596
Joe,Joe-004-b8df0b10-62a8-4600-9fa1-0c1ab7c0d6f1-42,3.712762777318723,36,0.70695013671684,3.38678437589928,"[1.727, 4.427)",8,,0.005454272633629146,0.32725635801774877
Joe,Joe-004-b8df0b10-62a8-4600-9fa1-0c1ab7c0d6f1-43,3.274048329154911,36,0.6099584717005835,2.500328168351405,"[1.727, 4.427)",8,,0.003931409140567142,0.23588454843402853
Joe,Joe-004-b8df0b10-62a8-4600-9fa1-0c1ab7c0d6f1-44,3.708899762678705,35,0.81107457545808,3.4196386407891612,"[1.727, 4.427)",8,,0.005756179302297782,0.3453707581378669
Joe,Joe-004-b8df0b10-62a8-4600-9fa1-0c1ab7c0d6f1-46,4.271586837429485,32,0.97548158399688,3.44706694569684,"[1.727, 4.427)",8,,0.005655999728754717,0.33935998372528303
Joe,Joe-004-b8df0b10-62a8-4600-9fa1-0c1ab7c0d6f1-47,2.449848770609627,15,0.69050943586296,1.54542588026472,"[1.727, 4.427)",0,,0.008349837017550488,0.5009902210530293
Joe,Joe-004-b8df0b10-62a8-4600-9fa1-0c1ab7c0d6f1-48,3.6706125127801656,24,0.80011410822216,2.8368087702394384,"[1.727, 4.427)",0,,0.006445492439371428,0.3867295463622857
Joe,Joe-004-b8df0b10-62a8-4600-9fa1-0c1ab7c0d6f1-49,3.8472132043181,29,0.62474663244744,4.354444439940917,"[1.727, 4.427)",-16,,0.009743269275861575,0.5845961565516945
Joe,Joe-005-5467ba78-8403-4955-9ca8-b452526132a8-1,5.880172114774239,41,0.8768373788736,3.4196657776070403,"[4.427, 6.133)",16,,0.004073057134518331,0.24438342807109986
Joe,Joe-005-5467ba78-8403-4955-9ca8-b452526132a8-2,4.600646982906442,37,0.95356064952504,3.1566145639449603,"[4.427, 6.133)",16,,0.004456356662829709,0.2673813997697826
Joe,Joe-005-5467ba78-8403-4955-9ca8-b452526132a8-3,6.045243388950452,36,0.90971878058136,5.069216096613,"[4.427, 6.133)",8,,0.0066362696713135935,0.39817618027881563
Joe,Joe-005-5467ba78-8403-4955-9ca8-b452526132a8-4,5.949243244129105,40,1.01932345294056,3.30458087162988,"[4.427, 6.133)",8,,0.004262634456115457,0.25575806736692747
Joe,Joe-005-5467ba78-8403-4955-9ca8-b452526132a8-5,3.605803739571696,41,0.7946338746042,3.38678437589928,"[1.727, 4.427)",-240,,0.004475627815831988,0.26853766894991926
Joe,Joe-005-5467ba78-8403-4955-9ca8-b452526132a8-10,2.511422957031448,19,0.44389892305476003,1.46322237599532,"[1.727, 4.427)",8,,0.009975587524670263,0.5985352514802158
Joe,Joe-005-5467ba78-8403-4955-9ca8-b452526132a8-12,4.021931452157733,39,0.80559434184012,2.92096451837268,"[1.727, 4.427)",16,,0.004332032340051934,0.25992194040311606
Joe,Joe-005-5467ba78-8403-4955-9ca8-b452526132a8-13,5.748666324012184,42,1.0083629857046401,5.65012086011676,"[4.427, 6.133)",0,,0.005309455569387729,0.31856733416326377
Joe,Joe-005-5467ba78-8403-4955-9ca8-b452526132a8-14,6.851084045980913,42,1.13440835891772,5.41447081454448,"[6.133, 15.79]",0,,0.005195333580592007,0.3117200148355204
Joe,Joe-005-5467ba78-8403-4955-9ca8-b452526132a8-15,6.339273025003442,45,1.09056648997404,7.840925656281846,"[6.133, 15.79]",-8,,0.005951569778766913,0.3570941867260148
Joe,Joe-005-5467ba78-8403-4955-9ca8-b452526132a8-16,4.543371810953856,36,0.98096181761484,2.88808311666492,"[4.427, 6.133)",8,,0.004232138922080264,0.2539283353248158
Joe,Joe-005-5467ba78-8403-4955-9ca8-b452526132a8-19,4.360877594692456,36,0.95356064952504,3.17305526479884,"[1.727, 4.427)",8,,0.004093162560119797,0.24558975360718782
Joe,Joe-005-5467ba78-8403-4955-9ca8-b452526132a8-22,2.489088486506862,24,0.6083059315935601,1.77011545860108,"[1.727, 4.427)",8,,0.0065480456409044326,0.39288273845426597
Joe,Joe-005-5467ba78-8403-4955-9ca8-b452526132a8-23,4.660493508548553,40,0.97548158399688,3.50186928187644,"[4.427, 6.133)",8,,0.004879208239724581,0.29275249438347484
Joe,Joe-005-5467ba78-8403-4955-9ca8-b452526132a8-24,6.256732455611491,39,1.16728976062548,4.99797305957952,"[6.133, 15.79]",0,,0.005209149581663041,0.31254897489978245
Joe,Joe-005-5467ba78-8403-4955-9ca8-b452526132a8-26,4.72094550609473,42,0.7398315384246,5.0144137604334,"[4.427, 6.133)",8,,0.00622018141441839,0.3732108848651034
Joe,Joe-005-5467ba78-8403-4955-9ca8-b452526132a8-29,3.1953565455177975,7,0,0.3640721239032879,"[1.727, 4.427)",336,,-0.00371903497003084,-0.22314209820185038
Joe,Joe-005-5467ba78-8403-4955-9ca8-b452526132a8-32,7.041190770599698,43,0.82751527631196,5.38158941283672,"[6.133, 15.79]",-48,,0.006029312028049013,0.36175872168294076
Joe,Joe-005-5467ba78-8403-4955-9ca8-b452526132a8-33,4.439471965821486,32,1.03576415379444,3.04700989158576,"[4.427, 6.133)",48,,0.005315649759413361,0.31893898556480166
Joe,Joe-005-5467ba78-8403-4955-9ca8-b452526132a8-35,5.663342989701217,39,1.03576415379444,5.4528324498702005,"[4.427, 6.133)",0,,0.006044455284392259,0.3626673170635355
Joe,Joe-005-5467ba78-8403-4955-9ca8-b452526132a8-38,5.254467350679775,44,1.11796765806384,3.75944026192056,"[4.427, 6.133)",8,,0.004139714803271522,0.24838288819629134
Joe,Joe-005-55ce2bbd-1977-4ec1-8623-6e01a2a76d62-7,4.0912309677451,36,0.94808041590708,2.61407143576692,"[1.727, 4.427)",8,,0.004157565384431744,0.2494539230659046
Joe,Joe-005-55ce2bbd-1977-4ec1-8623-6e01a2a76d62-9,2.4854468173277624,29,0.53706289456008,1.7810759258370001,"[1.727, 4.427)",8,,0.005888503820442707,0.3533102292265624
Joe,Joe-005-55ce2bbd-1977-4ec1-8623-6e01a2a76d62-10,4.66690596926459,36,0.80559434184012,3.67723675765116,"[4.427, 6.133)",8,,0.005898855891205902,0.35393135347235416
Joe,Joe-005-55ce2bbd-1977-4ec1-8623-6e01a2a76d62-13,4.704017432959816,37,0.76175247289644,2.81684007963144,"[4.427, 6.133)",8,,0.005643040127921551,0.3385824076752931
Joe,Joe-005-55ce2bbd-1977-4ec1-8623-6e01a2a76d62-14,3.918969504668384,34,0.7946338746042,3.03056919073188,"[1.727, 4.427)",8,,0.006164603480511319,0.3698762088306792
Joe,Joe-005-55ce2bbd-1977-4ec1-8623-6e01a2a76d62-18,5.84129354216851,41,0.91519901419932,4.53215320205292,"[4.427, 6.133)",-72,,0.005747249781625318,0.34483498689751907
Joe,Joe-005-55ce2bbd-1977-4ec1-8623-6e01a2a76d62-19,4.460933693613835,35,0.83847574354788,3.1456540967090403,"[4.427, 6.133)",16,,0.005081457261799523,0.3048874357079714
Joe,Joe-005-55ce2bbd-1977-4ec1-8623-6e01a2a76d62-25,5.0653400827271,49,0.91519901419932,3.58407278614584,"[4.427, 6.133)",-8,,0.004055736484962937,0.24334418909777622
Joe,Joe-005-55ce2bbd-1977-4ec1-8623-6e01a2a76d62-26,3.9433421118653063,40,0.8286086607440095,3.2876344691951,"[1.727, 4.427)",-8,,0.00515004692421802,0.30900281545308117
Joe,Joe-005-55ce2bbd-1977-4ec1-8623-6e01a2a76d62-29,4.787248991194522,35,0.8494362107838,3.49090881464052,"[4.427, 6.133)",8,,0.0058186126536745484,0.3491167592204729
Joe,Joe-005-55ce2bbd-1977-4ec1-8623-6e01a2a76d62-30,6.413575448954273,44,0.84395597716584,7.046450808974362,"[6.133, 15.79]",-72,,0.007056141789438274,0.4233685073662964
Joe,Joe-005-55ce2bbd-1977-4ec1-8623-6e01a2a76d62-31,5.430741641367719,34,0.86039667801972,3.7046379257409603,"[4.427, 6.133)",8,,0.00623751230044944,0.3742507380269664
Joe,Joe-005-55ce2bbd-1977-4ec1-8623-6e01a2a76d62-33,2.308931822418514,16,0.5206221937062,1.32073630192836,"[1.727, 4.427)",16,,0.0091691515158347,0.550149090950082
Joe,Joe-005-55ce2bbd-1977-4ec1-8623-6e01a2a76d62-36,4.338115989172287,35,0.88231761249156,3.46898788016868,"[1.727, 4.427)",-32,,0.005682178867352013,0.3409307320411208
Joe,Joe-005-55ce2bbd-1977-4ec1-8623-6e01a2a76d62-39,4.300633070979933,37,0.9864420512328,3.313504262497961,"[1.727, 4.427)",-64,,0.005059107094499159,0.3035464256699495
Joe,Joe-005-55ce2bbd-1977-4ec1-8623-6e01a2a76d62-40,6.6489174977834935,37,1.16180952700752,4.17593801688552,"[6.133, 15.79]",56,,0.004645676021253851,0.27874056127523106
Joe,Joe-005-55ce2bbd-1977-4ec1-8623-6e01a2a76d62-41,5.7122897088101325,41,1.16728976062548,5.49667431881388,"[4.427, 6.133)",-56,,0.005237343697453574,0.31424062184721446
Joe,Joe-005-55ce2bbd-1977-4ec1-8623-6e01a2a76d62-42,2.336366680041012,25,0.46033962390864003,1.4385359135083693,"[1.727, 4.427)",0,,0.006331430178332058,0.3798858106999235
Joe,Joe-005-55ce2bbd-1977-4ec1-8623-6e01a2a76d62-43,6.554589565517645,40,0.9261594814352401,5.77616623332984,"[6.133, 15.79]",-8,,0.006632121792127941,0.39792730752767647
Joe,Joe-005-55ce2bbd-1977-4ec1-8623-6e01a2a76d62-45,4.021495009623274,34,0.98096181761484,3.115186741311861,"[1.727, 4.427)",0,,0.004788574803635861,0.2873144882181517
Joe,Joe-005-55ce2bbd-1977-4ec1-8623-6e01a2a76d62-49,4.476078179725235,37,0.9316397150532,4.73761317670473,"[4.427, 6.133)",8,,0.006467687622868981,0.38806125737213887
Joe,Joe-005-55ce2bbd-1977-4ec1-8623-6e01a2a76d62-51,6.129069282046512,35,1.1563292933895601,4.51023226758108,"[4.427, 6.133)",0,,0.005298977749878551,0.31793866499271306
Joe,Joe-005-55ce2bbd-1977-4ec1-8623-6e01a2a76d62-52,4.0257670922235285,34,0.8559140759614505,4.758154748569216,"[1.727, 4.427)",0,,0.006120147124574356,0.3672088274744614
Joe,Joe-005-55ce2bbd-1977-4ec1-8623-6e01a2a76d62-54,3.274353910226999,31,0.9864420512328,3.0634088959018277,"[1.727, 4.427)",8,,0.004874898862105081,0.29249393172630483
Joe,Joe-005-55ce2bbd-1977-4ec1-8623-6e01a2a76d62-55,3.5523473671847547,33,1.05220485464832,2.75655750983388,"[1.727, 4.427)",8,,0.0041008098483772395,0.24604859090263437
Joe,Joe-005-55ce2bbd-1977-4ec1-8623-6e01a2a76d62-56,2.242044938445946,9,0.4384186894368,1.04672462103036,"[1.727, 4.427)",16,,0.014033832237840821,0.8420299342704493
Joe,Joe-005-55ce2bbd-1977-4ec1-8623-6e01a2a76d62-57,5.4015257663342515,41,0.9974025184687201,5.7268441307682005,"[4.427, 6.133)",-104,,0.005797116153393052,0.34782696920358314
William,William-005-c0136027-2759-42a9-abdb-a93d6ce70ab1-1,6.426966978463473,45,0.7946338746042,4.7130009114456,"[6.133, 15.79]",8,,0.005432681484740226,0.32596088908441356
William,William-005-c0136027-2759-42a9-abdb-a93d6ce70ab1-5,6.986849572374199,47,0.94260018228912,8.1975999798831,"[6.133, 15.79]",-8,,0.006231987509378727,0.3739192505627236
William,William-005-c0136027-2759-42a9-abdb-a93d6ce70ab1-7,7.489146891430155,46,1.11248742444588,6.25294655809236,"[6.133, 15.79]",8,,0.005622546167142154,0.33735277002852926
William,William-005-c0136027-2759-42a9-abdb-a93d6ce70ab1-8,6.071914029979942,45,0.7836734073682801,5.61175922479104,"[4.427, 6.133)",0,,0.005952758451674004,0.3571655071004402
William,William-005-c0136027-2759-42a9-abdb-a93d6ce70ab1-10,6.601966368656988,42,0.9974025184687201,4.47187063225536,"[6.133, 15.79]",16,,0.005207663761738685,0.31245982570432107
William,William-005-c0136027-2759-42a9-abdb-a93d6ce70ab1-11,10.479508920467508,45,1.21113162956916,10.10555079151824,"[6.133, 15.79]",-8,,0.005928340032160545,0.3557004019296327
William,William-005-c0136027-2759-42a9-abdb-a93d6ce70ab1-13,5.384348389775367,40,0.96452111676096,3.4525471793148,"[4.427, 6.133)",8,,0.004363929098358098,0.26183574590148584
William,William-005-c0136027-2759-42a9-abdb-a93d6ce70ab1-14,5.962012056120578,30,1.0716724582972532,3.7265588602128,"[4.427, 6.133)",8,,0.005017261424214477,0.30103568545286863
William,William-005-c0136027-2759-42a9-abdb-a93d6ce70ab1-15,7.828656479000662,44,1.44678167514144,4.07181357814428,"[6.133, 15.79]",8,,0.0030770394611643413,0.18462236766986048
William,William-005-c0136027-2759-42a9-abdb-a93d6ce70ab1-17,10.882592867910832,58,1.38649910534388,15.114496645111403,"[6.133, 15.79]",-24,,0.006147323809386397,0.3688394285631838
William,William-005-c0136027-2759-42a9-abdb-a93d6ce70ab1-18,5.649823164662024,45,1.1563292933895601,4.48283109949128,"[4.427, 6.133)",8,,0.004940503848349388,0.29643023090096327
William,William-005-c0136027-2759-42a9-abdb-a93d6ce70ab1-19,5.078325865692512,36,0.87135714525564,3.05797035882168,"[4.427, 6.133)",24,,0.005068931017780069,0.3041358610668041
William,William-005-c0136027-2759-42a9-abdb-a93d6ce70ab1-21,6.270544345914129,26,0.92067924781728006,5.255825074044986,"[6.133, 15.79]",128,,0.0075601723154461705,0.4536103389267702
William,William-005-9c4ec6d2-ecb0-4b5a-a338-e793d27bc69f-2,7.363199138432046,45,0.98096181761484,8.073559019675622,"[6.133, 15.79]",0,,0.006237859944346012,0.3742715966607607
William,William-005-9c4ec6d2-ecb0-4b5a-a338-e793d27bc69f-3,7.683592324747846,50,0.95356064952504,7.00373856375288,"[6.133, 15.79]",-8,,0.005325179103281603,0.3195107461968962
William,William-005-9c4ec6d2-ecb0-4b5a-a338-e793d27bc69f-4,8.424217587456063,41,1.01932345294056,6.70232571476508,"[6.133, 15.79]",8,,0.006377813426318162,0.3826688055790897
William,William-005-9c4ec6d2-ecb0-4b5a-a338-e793d27bc69f-6,6.196253128977264,44,0.86587691163768,4.384186894368,"[6.133, 15.79]",8,,0.005277268783520777,0.3166361270112466
William,William-005-9c4ec6d2-ecb0-4b5a-a338-e793d27bc69f-7,12.42645132814693,51,1.2933351338385601,8.949221498128681,"[6.133, 15.79]",0,,0.005326802581231581,0.3196081548738949
William,William-005-9c4ec6d2-ecb0-4b5a-a338-e793d27bc69f-8,7.591016708873079,40,1.01932345294056,5.63368015926288,"[6.133, 15.79]",8,,0.006362279137293688,0.38173674823762127
William,William-005-9c4ec6d2-ecb0-4b5a-a338-e793d27bc69f-13,2.57335480780163,17,0.36717565240332,1.22757233042304,"[1.727, 4.427)",16,,0.01044116963379695,0.626470178027817
William,William-005-9c4ec6d2-ecb0-4b5a-a338-e793d27bc69f-15,4.480758178591342,35,0.81107457545808,2.9319249856086,"[4.427, 6.133)",16,,0.004907203942291772,0.29443223653750633
William,William-005-9c4ec6d2-ecb0-4b5a-a338-e793d27bc69f-16,2.909198015719546,12,0.11508490597716001,1.13440835891772,"[1.727, 4.427)",16,,0.03365429135813208,2.0192574814879247
William,William-005-9c4ec6d2-ecb0-4b5a-a338-e793d27bc69f-17,6.672737969251482,44,1.0796060227381201,4.7404020795354,"[6.133, 15.79]",8,,0.0050875760089589585,0.3052545605375375
William,William-005-9c4ec6d2-ecb0-4b5a-a338-e793d27bc69f-20,11.20046772803883,44,1.7755956922190401,7.87268640725621,"[6.133, 15.79]",0,,0.004105828378760089,0.24634970272560533
William,William-005-9c4ec6d2-ecb0-4b5a-a338-e793d27bc69f-21,6.472137463882731,42,1.11248742444588,3.75944026192056,"[6.133, 15.79]",-256,,0.004438546698903589,0.26631280193421536
William,William-005-9c4ec6d2-ecb0-4b5a-a338-e793d27bc69f-23,6.3924212663059325,34,1.48514331046716,3.9622089057850802,"[6.133, 15.79]",16,,0.004450826156008265,0.2670495693604959
William,William-005-9c4ec6d2-ecb0-4b5a-a338-e793d27bc69f-24,13.173214837988002,59,1.33169676916428,12.77990479708272,"[6.133, 15.79]",16,,0.005407123539058767,0.324427412343526
William,William-005-9c4ec6d2-ecb0-4b5a-a338-e793d27bc69f-25,11.278373255211676,51,1.13988859253568,9.132989605386577,"[6.133, 15.79]",0,,0.005882458882004175,0.3529475329202505
William,William-005-9c4ec6d2-ecb0-4b5a-a338-e793d27bc69f-28,7.291396434190289,46,1.0138432193226001,9.041971128050939,"[6.133, 15.79]",-8,,0.006458404004303487,0.38750424025820923
William,William-005-9c4ec6d2-ecb0-4b5a-a338-e793d27bc69f-30,8.758689432729645,45,1.11248742444588,6.313229127889921,"[6.133, 15.79]",8,,0.005694416422897188,0.3416649853738313
William,William-005-9c4ec6d2-ecb0-4b5a-a338-e793d27bc69f-32,10.655820317030642,55,1.13440835891772,9.70549373740716,"[6.133, 15.79]",-24,,0.0056560979986430985,0.3393658799185859
William,William-005-9c4ec6d2-ecb0-4b5a-a338-e793d27bc69f-33,6.747112396938663,42,1.09056648997404,5.47475338434204,"[6.133, 15.79]",0,,0.005817236721319081,0.34903420327914486
William,William-005-4ea732aa-d038-45e3-ad6d-94d4589208c7-3,6.668862674258307,38,0.97548158399688,5.51311501966776,"[6.133, 15.79]",8,,0.006369671989662846,0.38218031937977076
William,William-005-4ea732aa-d038-45e3-ad6d-94d4589208c7-4,9.22905549087038,47,1.13988859253568,5.4528324498702005,"[6.133, 15.79]",8,,0.005106285929600882,0.3063771557760529
William,William-005-4ea732aa-d038-45e3-ad6d-94d4589208c7-5,5.268953442488884,39,0.9316397150532,3.9731693730210003,"[4.427, 6.133)",16,,0.005059502170178969,0.3035701302107381
William,William-005-4ea732aa-d038-45e3-ad6d-94d4589208c7-7,7.077482033951923,44,0.97548158399688,6.04469768060988,"[6.133, 15.79]",0,,0.005992727943678573,0.3595636766207144
William,William-005-4ea732aa-d038-45e3-ad6d-94d4589208c7-8,7.724472758786376,52,1.10700719082792,6.433489175437287,"[6.133, 15.79]",8,,0.004558011181725063,0.27348067090350375
William,William-005-4ea732aa-d038-45e3-ad6d-94d4589208c7-14,7.157366027760332,38,1.8084770939268,5.069216096613,"[6.133, 15.79]",16,,0.0037030146710130265,0.2221808802607816
William,William-005-4ea732aa-d038-45e3-ad6d-94d4589208c7-15,8.338349953166677,50,1.03028392017648,6.1071890615252915,"[6.133, 15.79]",16,,0.005210020923899275,0.3126012554339565
William,William-005-4ea732aa-d038-45e3-ad6d-94d4589208c7-16,11.585737378158285,54,1.233052564041,10.225730665237727,"[6.133, 15.79]",0,,0.005675269382027389,0.34051616292164333
William,William-007-c3c596cf-76b8-4ec1-aa49-5f976300edf4-12,6.316591230018123,37,0.20276864386452,0.61926639882948,"[6.133, 15.79]",200,,0.0032934541426285096,0.19760724855771059
WT,WT-004-28dd9d8d-19c2-4584-8b1a-69c13eec32ba-2,6.656035090796183,34,1.0412443874124,4.98153235872564,"[6.133, 15.79]",0,,0.006772550110742394,0.40635300664454366
WT,WT-004-28dd9d8d-19c2-4584-8b1a-69c13eec32ba-8,2.2065589575325855,17,0.4658198575266,1.46322237599532,"[1.727, 4.427)",16,,0.009879859037189413,0.5927915422313648
WT,WT-004-28dd9d8d-19c2-4584-8b1a-69c13eec32ba-12,5.712317634184073,39,0.74531177204256,4.8938486208382805,"[4.427, 6.133)",8,,0.006533433894037759,0.3920060336422655
WT,WT-004-28dd9d8d-19c2-4584-8b1a-69c13eec32ba-14,3.927815248593263,34,0.81107457545808,2.95384592008044,"[1.727, 4.427)",16,,0.005251533466321336,0.31509200797928016
WT,WT-004-28dd9d8d-19c2-4584-8b1a-69c13eec32ba-15,3.8328952022550595,31,0.6466675669192801,3.30458087162988,"[1.727, 4.427)",8,,0.007536087676213183,0.452165260572791
WT,WT-004-28dd9d8d-19c2-4584-8b1a-69c13eec32ba-16,3.167428001622608,20,0.74531177204256,1.96192363522968,"[1.727, 4.427)",16,,0.006682192277322972,0.4009315366393783
WT,WT-004-28dd9d8d-19c2-4584-8b1a-69c13eec32ba-17,3.6319079906692338,29,0.8877978461095201,2.6305121366208,"[1.727, 4.427)",8,,0.005386590659780549,0.32319543958683294
WT,WT-004-28dd9d8d-19c2-4584-8b1a-69c13eec32ba-19,4.798199196711158,33,0.80011410822216,4.30746362371656,"[4.427, 6.133)",0,,0.0072972717450327,0.437836304701962
WT,WT-004-28dd9d8d-19c2-4584-8b1a-69c13eec32ba-20,4.199884446865472,35,0.9261594814352401,3.1237331622372,"[1.727, 4.427)",8,,0.0050399291289018235,0.30239574773410943
WT,WT-004-28dd9d8d-19c2-4584-8b1a-69c13eec32ba-21,2.212401125976929,17,0.18632794301064,1.7961706693098873,"[1.727, 4.427)",8,,0.02011733986201734,1.2070403917210404
WT,WT-004-28dd9d8d-19c2-4584-8b1a-69c13eec32ba-22,2.2413298342116343,18,0.55898382903192,1.3569353906181572,"[1.727, 4.427)",24,,0.006714525491984783,0.40287152951908695
WT,WT-004-28dd9d8d-19c2-4584-8b1a-69c13eec32ba-23,4.974483041874638,35,0.77819317375032,3.54023091720216,"[4.427, 6.133)",0,,0.0060883436917918135,0.3653006215075088
WT,WT-004-28dd9d8d-19c2-4584-8b1a-69c13eec32ba-24,4.625771265616123,36,0.61926639882948,4.42254852969372,"[4.427, 6.133)",0,,0.007578433922138905,0.4547060353283343
WT,WT-004-28dd9d8d-19c2-4584-8b1a-69c13eec32ba-25,9.249423865143122,45,1.20017116233324,8.32447486568124,"[6.133, 15.79]",-16,,0.006269998525360684,0.37619991152164106
WT,WT-004-28dd9d8d-19c2-4584-8b1a-69c13eec32ba-26,4.004158698964952,37,0.94260018228912,3.24429830183232,"[1.727, 4.427)",8,,0.004696574351014629,0.28179446106087774
WT,WT-004-28dd9d8d-19c2-4584-8b1a-69c13eec32ba-27,5.685137812377771,33,0.7836734073682801,5.58435805670124,"[4.427, 6.133)",0,,0.008818133589937233,0.529088015396234
WT,WT-004-28dd9d8d-19c2-4584-8b1a-69c13eec32ba-28,5.383041018105809,40,0.9261594814352401,3.93480773769528,"[4.427, 6.133)",8,,0.0050703484751926185,0.3042209085115571
WT,WT-004-1e3b4265-1c5b-448d-a6eb-08d974f9959f-2,6.828671489488215,39,0.94260018228912,4.5759950709966,"[6.133, 15.79]",8,,0.0057365893754587755,0.3441953625275265
WT,WT-004-1e3b4265-1c5b-448d-a6eb-08d974f9959f-3,5.1524459732108685,37,0.82751527631196,4.41706829607576,"[4.427, 6.133)",8,,0.006323565223549393,0.3794139134129636
WT,WT-004-1e3b4265-1c5b-448d-a6eb-08d974f9959f-4,4.833204135269599,36,0.80011410822216,3.66079605679728,"[4.427, 6.133)",0,,0.0059793942737166985,0.3587636564230019
WT,WT-004-1e3b4265-1c5b-448d-a6eb-08d974f9959f-5,5.720263313002709,44,0.9590408831430001,4.47735086587332,"[4.427, 6.133)",8,,0.00472179881818036,0.28330792909082164
WT,WT-004-1e3b4265-1c5b-448d-a6eb-08d974f9959f-10,4.620410224299376,32,1.04672462103036,3.52379021634828,"[4.427, 6.133)",8,,0.005712652238901,0.34275913433406
WT,WT-004-1e3b4265-1c5b-448d-a6eb-08d974f9959f-13,3.6658406330491373,32,0.6466675669192801,2.8661621821930803,"[1.727, 4.427)",0,,0.006016351363437851,0.36098108180627103
WT,WT-004-1e3b4265-1c5b-448d-a6eb-08d974f9959f-14,5.4316220184822335,37,0.8768373788736,4.5485939029068,"[4.427, 6.133)",8,,0.006570030003020543,0.3942018001812326
WT,WT-004-1070e279-477a-44dd-a329-5abbe7726add-2,4.23573698774407,32,0.84395597716584,3.88548563513364,"[1.727, 4.427)",8,,0.006399076968519367,0.38394461811116204
WT,WT-004-1070e279-477a-44dd-a329-5abbe7726add-3,4.241987683245747,36,0.80011410822216,3.6991576921230003,"[1.727, 4.427)",8,,0.006130833822893776,0.36785002937362654
WT,WT-004-1070e279-477a-44dd-a329-5abbe7726add-4,5.280226548248244,38,0.75627223927848,5.184301002590161,"[4.427, 6.133)",8,,0.0069486794225148765,0.4169207653508926
WT,WT-004-1070e279-477a-44dd-a329-5abbe7726add-5,4.15700786900244,32,0.66310826777316,2.8552017149571602,"[1.727, 4.427)",8,,0.005181642918476928,0.3108985751086157
WT,WT-004-1070e279-477a-44dd-a329-5abbe7726add-6,4.771692106960103,37,0.82751527631196,4.3005007010764515,"[4.427, 6.133)",-8,,0.006118603022531389,0.36711618135188334
WT,WT-004-1070e279-477a-44dd-a329-5abbe7726add-8,3.464257144533144,32,0.72339083757072,3.199611227688877,"[1.727, 4.427)",16,,0.005484468752341705,0.32906812514050227
WT,WT-004-1070e279-477a-44dd-a329-5abbe7726add-9,3.0718774223191208,35,0.5206221937062,2.8606819485751203,"[1.727, 4.427)",16,,0.00647596188443427,0.38855771306605624
WT,WT-004-1070e279-477a-44dd-a329-5abbe7726add-11,3.819177898034286,27,0.50966172647028,1.0299235108622518,"[1.727, 4.427)",16,,0.004325722026351957,0.2595433215811174
WT,WT-004-1070e279-477a-44dd-a329-5abbe7726add-12,4.02116478600764,37,0.7179106039527601,3.24977853545028,"[1.727, 4.427)",8,,0.005515823577311719,0.33094941463870314
WT,WT-004-1070e279-477a-44dd-a329-5abbe7726add-13,5.6670407697135685,38,1.07412578912016,5.250157718553409,"[4.427, 6.133)",0,,0.005713581388850446,0.3428148833310268
WT,WT-004-1070e279-477a-44dd-a329-5abbe7726add-15,3.5723636815412263,32,0.7528142547377298,3.9693781860746444,"[1.727, 4.427)",16,,0.007089777958182165,0.4253866774909299
WT,WT-004-1070e279-477a-44dd-a329-5abbe7726add-16,4.118797974582436,32,0.6466675669192801,3.20045643288864,"[1.727, 4.427)",40,,0.006876246763385932,0.4125748058031559
WT,WT-004-1070e279-477a-44dd-a329-5abbe7726add-20,3.8266313190333054,34,0.7672327065144,3.2771797035400803,"[1.727, 4.427)",8,,0.005736863422248532,0.3442118053349119
WT,WT-004-1070e279-477a-44dd-a329-5abbe7726add-21,4.334878618039636,39,0.9042385469634,4.004281759996041,"[1.727, 4.427)",0,,0.005439451239817412,0.3263670743890447
WT,WT-004-1070e279-477a-44dd-a329-5abbe7726add-22,5.811781207818498,38,1.1782502278614,5.38706964645468,"[4.427, 6.133)",8,,0.005994326920794343,0.3596596152476606
WT,WT-004-1070e279-477a-44dd-a329-5abbe7726add-24,4.236893478240271,34,0.86587691163768,4.12661591432388,"[1.727, 4.427)",-8,,0.006224334220944772,0.3734600532566863
WT,WT-004-1070e279-477a-44dd-a329-5abbe7726add-26,6.087113733567076,33,0.94808041590708,6.47763613642872,"[4.427, 6.133)",0,,0.008878115255701076,0.5326869153420646
WT,WT-004-1070e279-477a-44dd-a329-5abbe7726add-27,3.825685174307067,30,0.95356064952504,3.2826599371580403,"[1.727, 4.427)",8,,0.005913764186364277,0.3548258511818566
WT,WT-004-1070e279-477a-44dd-a329-5abbe7726add-28,3.69730150055395,34,0.80011410822216,2.84424124772124,"[1.727, 4.427)",8,,0.005132968468232109,0.30797810809392656
WT,WT-004-1070e279-477a-44dd-a329-5abbe7726add-31,4.764930994398126,41,0.98096181761484,4.6143567063223205,"[4.427, 6.133)",0,,0.0056809043729270994,0.340854262375626
WT,WT-005-b74f13ac-5654-46f7-9f12-8d531ffb3cd0-1,3.571071720399658,28,0.87135714525564,2.50994699702568,"[1.727, 4.427)",16,,0.00584180652133735,0.35050839128024097
WT,WT-005-b74f13ac-5654-46f7-9f12-8d531ffb3cd0-3,4.461295211516938,28,0.9919222848507601,4.683851852051572,"[4.427, 6.133)",8,,0.007717981053830714,0.4630788632298428
WT,WT-005-b74f13ac-5654-46f7-9f12-8d531ffb3cd0-7,5.236283815983889,37,1.07412578912016,3.07525051122164,"[4.427, 6.133)",-16,,0.004657221693303221,0.27943330159819324
WT,WT-005-b74f13ac-5654-46f7-9f12-8d531ffb3cd0-8,6.432820208739623,34,1.41390027343368,4.46091016501944,"[6.133, 15.79]",8,,0.004828606776008808,0.28971640656052844
WT,WT-005-b74f13ac-5654-46f7-9f12-8d531ffb3cd0-9,5.10621949566845,30,1.03576415379444,3.03604942434984,"[4.427, 6.133)",24,,0.004193876527798743,0.25163259166792457
WT,WT-005-b74f13ac-5654-46f7-9f12-8d531ffb3cd0-10,1.7377429324018439,9,0,0.50966172647028,"[1.727, 4.427)",16,,0.09061740476507445,5.4370442859044665
WT,WT-005-b74f13ac-5654-46f7-9f12-8d531ffb3cd0-12,6.950237706462791,43,0.7946338746042,6.2693872589462405,"[6.133, 15.79]",-8,,0.007045552652531654,0.42273315915189924
WT,WT-005-b74f13ac-5654-46f7-9f12-8d531ffb3cd0-13,3.677328654854117,35,0.924640170613759,2.7278709171993163,"[1.727, 4.427)",8,,0.004702563634964688,0.2821538180978813
WT,WT-005-b74f13ac-5654-46f7-9f12-8d531ffb3cd0-14,3.97983925165292,37,0.87135714525564,3.7961723996249224,"[1.727, 4.427)",8,,0.005381619406952921,0.32289716441717525
WT,WT-005-b74f13ac-5654-46f7-9f12-8d531ffb3cd0-17,5.273711313064038,40,1.09056648997404,5.1733405353542405,"[4.427, 6.133)",0,,0.005397324310154721,0.32383945860928326
WT,WT-005-b74f13ac-5654-46f7-9f12-8d531ffb3cd0-18,4.62546755746354,35,1.0686455555022,3.87452516789772,"[4.427, 6.133)",8,,0.005406421917268071,0.32438531503608425
WT,WT-005-b74f13ac-5654-46f7-9f12-8d531ffb3cd0-20,2.4324966607627108,17,0.69050943586296,1.51802471217492,"[1.727, 4.427)",8,,0.006810366031784421,0.40862196190706523
WT,WT-005-b74f13ac-5654-46f7-9f12-8d531ffb3cd0-22,4.695483052144562,40,0.9594317765073486,4.11618308239785,"[4.427, 6.133)",0,,0.005910894895889843,0.35465369375339056
WT,WT-005-b74f13ac-5654-46f7-9f12-8d531ffb3cd0-23,5.1973539980360375,45,1.25497349851284,5.08565679746688,"[4.427, 6.133)",0,,0.00465285147095383,0.2791710882572298
WT,WT-005-b74f13ac-5654-46f7-9f12-8d531ffb3cd0-24,4.6063509120820285,36,0.9261594814352401,3.1456540967090403,"[4.427, 6.133)",16,,0.005123862065385975,0.3074317239231585
WT,WT-005-b74f13ac-5654-46f7-9f12-8d531ffb3cd0-25,5.827480990803009,37,1.34813747001816,4.42802876331168,"[4.427, 6.133)",0,,0.004976505104529148,0.2985903062717489
WT,WT-005-b74f13ac-5654-46f7-9f12-8d531ffb3cd0-26,4.187064115227149,34,1.1234478916818,3.6114559004350535,"[1.727, 4.427)",8,,0.004878644297344499,0.29271865784066997
WT,WT-005-b74f13ac-5654-46f7-9f12-8d531ffb3cd0-31,4.26027604271794,33,0.95356064952504,3.03604942434984,"[1.727, 4.427)",8,,0.005426657083877798,0.32559942503266787
WT,WT-005-b74f13ac-5654-46f7-9f12-8d531ffb3cd0-32,4.330173225437879,36,1.07412578912016,2.91548428475472,"[1.727, 4.427)",8,,0.004466160301957298,0.26796961811743786
WT,WT-005-b74f13ac-5654-46f7-9f12-8d531ffb3cd0-36,5.109616075881573,39,1.13988859253568,3.8361635325720003,"[4.427, 6.133)",8,,0.0046760835985153225,0.28056501591091937
WT,WT-005-b74f13ac-5654-46f7-9f12-8d531ffb3cd0-38,4.1924846755751215,34,0.89875831334544,3.0963319941474,"[1.727, 4.427)",16,,0.0054474732710944164,0.326848396265665
WT,WT-005-b74f13ac-5654-46f7-9f12-8d531ffb3cd0-39,5.067240900381187,38,0.9042385469634,4.10469497985204,"[4.427, 6.133)",16,,0.005761983510551392,0.3457190106330835
WT,WT-005-b74f13ac-5654-46f7-9f12-8d531ffb3cd0-42,5.727156788655714,38,1.0138432193226001,4.28006245562676,"[4.427, 6.133)",8,,0.0048920506479177795,0.29352303887506676
WT,WT-005-b74f13ac-5654-46f7-9f12-8d531ffb3cd0-44,6.188747173640265,42,1.11248742444588,5.0966172647028,"[6.133, 15.79]",8,,0.0056328213858899655,0.3379692831533979
WT,WT-005-b74f13ac-5654-46f7-9f12-8d531ffb3cd0-45,5.79230881929079,43,1.0219898683016229,4.291422417674216,"[4.427, 6.133)",-8,,0.005520951470796909,0.3312570882478145
WT,WT-005-b74f13ac-5654-46f7-9f12-8d531ffb3cd0-46,4.29552625136568,32,1.0169329701143852,3.389939101146917,"[1.727, 4.427)",16,,0.0054833818621271,0.32900291172762597
WT,WT-005-b74f13ac-5654-46f7-9f12-8d531ffb3cd0-51,4.580912892488842,32,0.8768373788736,3.7265588602128,"[4.427, 6.133)",8,,0.00662353453854696,0.3974120723128176
WT,WT-005-b74f13ac-5654-46f7-9f12-8d531ffb3cd0-52,4.557567711466408,41,0.8932780797274801,3.9731693730210003,"[4.427, 6.133)",0,,0.005131408437625186,0.3078845062575111
WT,WT-005-b74f13ac-5654-46f7-9f12-8d531ffb3cd0-53,7.560259466899268,33,1.25497349851284,5.202502957627105,"[6.133, 15.79]",80,,0.004835384471389897,0.2901230682833938
WT,WT-005-b74f13ac-5654-46f7-9f12-8d531ffb3cd0-55,6.151853646983085,36,0.97548158399688,4.42254852969372,"[6.133, 15.79]",8,,0.006442014344776018,0.38652086068656105
WT,WT-005-b74f13ac-5654-46f7-9f12-8d531ffb3cd0-57,6.307051358190829,46,1.13988859253568,5.6720417945886,"[6.133, 15.79]",0,,0.004645863263860774,0.27875179583164644
WT,WT-005-b74f13ac-5654-46f7-9f12-8d531ffb3cd0-58,3.294907405281551,30,0.93711994867116,2.329099287633,"[1.727, 4.427)",16,,0.004615133941307835,0.2769080364784701
WT,WT-005-b74f13ac-5654-46f7-9f12-8d531ffb3cd0-60,5.326113234152138,47,1.04672462103036,6.654710491377775,"[4.427, 6.133)",0,,0.0056860482233988,0.341162893403928
WT,WT-005-b74f13ac-5654-46f7-9f12-8d531ffb3cd0-62,4.586219968422807,38,1.13440835891772,2.877122649429,"[4.427, 6.133)",16,,0.003911579088555254,0.23469474531331527
WT,WT-005-b74f13ac-5654-46f7-9f12-8d531ffb3cd0-64,5.321800610259174,37,1.00288275208668,4.5924357718504805,"[4.427, 6.133)",-8,,0.005788284990872176,0.34729709945233056
WT,WT-005-b74f13ac-5654-46f7-9f12-8d531ffb3cd0-65,5.549544423099707,42,1.11248742444588,4.5796396286648635,"[4.427, 6.133)",0,,0.004322104248124355,0.2593262548874613
WT,WT-005-b74f13ac-5654-46f7-9f12-8d531ffb3cd0-69,4.423244047227441,33,1.2604537321308,3.1237331622372,"[1.727, 4.427)",8,,0.004411174669340835,0.2646704801604501
WT,WT-005-b74f13ac-5654-46f7-9f12-8d531ffb3cd0-70,5.084449338267934,32,1.33169676916428,3.5511913844380802,"[4.427, 6.133)",8,,0.004490545550758293,0.26943273304549753
WT,WT-005-b74f13ac-5654-46f7-9f12-8d531ffb3cd0-73,5.183152537428693,39,1.10700719082792,4.8993288544562406,"[4.427, 6.133)",8,,0.005440032548879268,0.32640195293275603
WT,WT-005-b74f13ac-5654-46f7-9f12-8d531ffb3cd0-76,3.8756936299523126,31,1.0083629857046401,3.2333378345964,"[1.727, 4.427)",0,,0.005291881732334584,0.31751290394007503
WT,WT-005-b74f13ac-5654-46f7-9f12-8d531ffb3cd0-84,3.527054656754288,34,0.86039667801972,2.77847844430572,"[1.727, 4.427)",16,,0.004677697860692841,0.28066187164157047
WT,WT-005-b74f13ac-5654-46f7-9f12-8d531ffb3cd0-85,6.246046229948934,44,1.2220920968050801,6.166398830583946,"[6.133, 15.79]",-32,,0.0053874650554350135,0.3232479033261008
WT,WT-005-b74f13ac-5654-46f7-9f12-8d531ffb3cd0-86,5.096005308887232,45,0.8768373788736,3.917765839103633,"[4.427, 6.133)",-104,,0.004162512525740856,0.2497507515444514
WT,WT-005-b74f13ac-5654-46f7-9f12-8d531ffb3cd0-87,4.8486454426641075,49,0.9590408831430001,4.54311366928884,"[4.427, 6.133)",-56,,0.004157785676633542,0.24946714059801253
WT,WT-005-a57cec3e-e069-4d82-a31b-a626e3b6b42c-2,3.3638434347060873,35,1.2035164683792041,3.576213633338838,"[1.727, 4.427)",16,,0.00447521914205813,0.2685131485234878
WT,WT-005-a57cec3e-e069-4d82-a31b-a626e3b6b42c-3,4.128007296741316,35,0.7946338746042,3.7539600283026,"[1.727, 4.427)",8,,0.006065334109354177,0.36392004656125065
WT,WT-005-a57cec3e-e069-4d82-a31b-a626e3b6b42c-4,3.3866161860779043,35,0.662719248065828,3.7769599705044663,"[1.727, 4.427)",8,,0.007253591530242375,0.4352154918145425
WT,WT-005-a57cec3e-e069-4d82-a31b-a626e3b6b42c-5,5.018536106725955,39,1.2166118631871201,3.690554505603407,"[4.427, 6.133)",24,,0.00377600017901052,0.2265600107406312
WT,WT-005-a57cec3e-e069-4d82-a31b-a626e3b6b42c-6,3.941602581621333,31,0.685029202245,3.5731123189099203,"[1.727, 4.427)",8,,0.007842260964389315,0.47053565786335894
WT,WT-005-a57cec3e-e069-4d82-a31b-a626e3b6b42c-7,6.806762315978535,40,0.84395597716584,5.54599642137552,"[6.133, 15.79]",0,,0.0064025047556331375,0.38415028533798823
WT,WT-005-a57cec3e-e069-4d82-a31b-a626e3b6b42c-8,4.356445380474048,32,0.86587691163768,2.89904358390084,"[1.727, 4.427)",24,,0.005796328462175247,0.3477797077305148
WT,WT-005-a57cec3e-e069-4d82-a31b-a626e3b6b42c-9,4.400308603488597,36,0.90971878058136,3.34842274057356,"[1.727, 4.427)",8,,0.004764435729721529,0.2858661437832917
WT,WT-005-a57cec3e-e069-4d82-a31b-a626e3b6b42c-11,3.9125453016324006,38,0.80559434184012,2.80039937877756,"[1.727, 4.427)",16,,0.004642347941918618,0.2785408765151171
WT,WT-005-a57cec3e-e069-4d82-a31b-a626e3b6b42c-13,5.979369992182886,48,1.03028392017648,5.51311501966776,"[4.427, 6.133)",0,,0.004743479327196718,0.28460875963180304
WT,WT-005-a57cec3e-e069-4d82-a31b-a626e3b6b42c-14,4.424304190234359,30,0.8494362107838,3.18949596565272,"[1.727, 4.427)",32,,0.006553279250327733,0.393196755019664
WT,WT-005-a57cec3e-e069-4d82-a31b-a626e3b6b42c-15,3.9890053753066237,36,0.7179106039527601,4.13209614794184,"[1.727, 4.427)",8,,0.006406627053151573,0.3843976231890944
WT,WT-005-a57cec3e-e069-4d82-a31b-a626e3b6b42c-17,4.067141643221973,33,0.86039667801972,3.7155983929768803,"[1.727, 4.427)",8,,0.00650417273192495,0.390250363915497
WT,WT-005-a57cec3e-e069-4d82-a31b-a626e3b6b42c-19,5.612997724501728,35,0.8291432541795961,3.7055028217295414,"[4.427, 6.133)",8,,0.004513205700546215,0.2707923420327729
WT,WT-005-a57cec3e-e069-4d82-a31b-a626e3b6b42c-20,4.826985080138707,39,0.88231761249156,4.192199006890024,"[4.427, 6.133)",8,,0.005292489254557985,0.3175493552734791
WT,WT-005-a57cec3e-e069-4d82-a31b-a626e3b6b42c-21,6.237752985571906,39,1.10700719082792,5.4309115153983605,"[6.133, 15.79]",0,,0.005803143156407698,0.34818858938446184
WT,WT-005-a57cec3e-e069-4d82-a31b-a626e3b6b42c-23,4.6888088171485975,38,1.11248742444588,4.48831133310924,"[4.427, 6.133)",8,,0.004218597647432329,0.25311585884593973
WT,WT-005-a57cec3e-e069-4d82-a31b-a626e3b6b42c-24,4.475201458529984,36,0.80559434184012,2.81684007963144,"[4.427, 6.133)",16,,0.005243969753989236,0.31463818523935416
WT,WT-005-a57cec3e-e069-4d82-a31b-a626e3b6b42c-25,4.074819314607698,35,0.80011410822216,2.76203774345184,"[1.727, 4.427)",8,,0.004965989015922687,0.29795934095536125
WT,WT-005-a57cec3e-e069-4d82-a31b-a626e3b6b42c-27,4.769571425017831,38,1.0337344454232236,4.522453400120753,"[4.427, 6.133)",16,,0.005222071534288363,0.3133242920573018
WT,WT-005-a57cec3e-e069-4d82-a31b-a626e3b6b42c-28,6.606432585061993,39,1.06316532188424,4.72396137868152,"[6.133, 15.79]",8,,0.005787016093410084,0.347220965604605
WT,WT-005-a57cec3e-e069-4d82-a31b-a626e3b6b42c-30,4.735395788479357,41,0.93711994867116,2.98124708817024,"[4.427, 6.133)",8,,0.004229357303966697,0.2537614382380018
WT,WT-005-a57cec3e-e069-4d82-a31b-a626e3b6b42c-33,4.951848444424032,33,1.11796765806384,4.82808581742276,"[4.427, 6.133)",0,,0.0060356627474904764,0.36213976484942856
WT,WT-005-a57cec3e-e069-4d82-a31b-a626e3b6b42c-35,5.787203339206412,43,0.8220350426940001,5.051157167278758,"[4.427, 6.133)",-8,,0.006129670303074473,0.3677802181844684
WT,WT-005-a57cec3e-e069-4d82-a31b-a626e3b6b42c-36,4.176530281991576,36,0.97000135037892,2.8552017149571602,"[1.727, 4.427)",8,,0.004732245687667744,0.2839347412600647
WT,WT-005-a57cec3e-e069-4d82-a31b-a626e3b6b42c-42,4.151536455792536,41,0.8768373788736,3.24977853545028,"[1.727, 4.427)",8,,0.0046016575763514495,0.276099454581087
WT,WT-005-a57cec3e-e069-4d82-a31b-a626e3b6b42c-43,6.660328764217784,43,0.97548158399688,6.04469768060988,"[6.133, 15.79]",-8,,0.006121090433074237,0.3672654259844542
WT,WT-005-a57cec3e-e069-4d82-a31b-a626e3b6b42c-44,6.578380726157115,42,0.98096181761484,6.3844721649234,"[6.133, 15.79]",-8,,0.006160221250970164,0.36961327505820984
WT,WT-005-a57cec3e-e069-4d82-a31b-a626e3b6b42c-46,3.907045699830679,38,0.685029202245,4.01153100834672,"[1.727, 4.427)",8,,0.006523675123660053,0.3914205074196032
WT,WT-005-a57cec3e-e069-4d82-a31b-a626e3b6b42c-48,4.104196122781932,37,0.8797998624399761,4.4884356623651565,"[1.727, 4.427)",8,,0.005571901255010483,0.33431407530062895
WT,WT-005-a57cec3e-e069-4d82-a31b-a626e3b6b42c-52,5.920406503220047,52,0.91519901419932,6.0249325415827295,"[4.427, 6.133)",0,,0.004023558631632885,0.2414135178979731
WT,WT-005-a57cec3e-e069-4d82-a31b-a626e3b6b42c-54,5.671234882459991,31,1.32073630192836,3.67723675765116,"[4.427, 6.133)",8,,0.004311660582469709,0.25869963494818254
WT,WT-005-a57cec3e-e069-4d82-a31b-a626e3b6b42c-57,3.6885284967754526,30,0.86587691163768,2.877122649429,"[1.727, 4.427)",8,,0.005454418834764022,0.3272651300858413
WT,WT-005-a57cec3e-e069-4d82-a31b-a626e3b6b42c-58,4.065775172344838,34,0.90971878058136,2.76203774345184,"[1.727, 4.427)",8,,0.004653220546993366,0.27919323281960196
WT,WT-005-f5110b56-da2c-4c8f-9b84-e699344eb808-1,6.132055304992075,38,1.233052564041,4.28554268924472,"[4.427, 6.133)",16,,0.004743278009719698,0.2845966805831819
WT,WT-005-f5110b56-da2c-4c8f-9b84-e699344eb808-2,7.220577379475264,48,0.95356064952504,5.133572873501287,"[6.133, 15.79]",-48,,0.004786522665829191,0.2871913599497515
WT,WT-005-f5110b56-da2c-4c8f-9b84-e699344eb808-4,5.5232650857740735,37,0.80011410822216,5.808099372472662,"[4.427, 6.133)",0,,0.007418921711029134,0.44513530266174806
WT,WT-005-f5110b56-da2c-4c8f-9b84-e699344eb808-5,2.546768461086061,18,0.4658198575266,1.55638634750064,"[1.727, 4.427)",16,,0.00989475339254517,0.5936852035527102
WT,WT-005-f5110b56-da2c-4c8f-9b84-e699344eb808-7,4.42405912013455,33,0.87135714525564,3.5457111508201202,"[1.727, 4.427)",8,,0.005820558575375105,0.3492335145225063
WT,WT-005-f5110b56-da2c-4c8f-9b84-e699344eb808-8,4.3108275405265575,32,0.94808041590708,3.4141855439890803,"[1.727, 4.427)",8,,0.005501843751661514,0.3301106250996908
WT,WT-005-f5110b56-da2c-4c8f-9b84-e699344eb808-9,6.560690319099273,38,0.83847574354788,3.79232166362832,"[6.133, 15.79]",8,,0.0033402468018926116,0.2004148081135567
WT,WT-005-f5110b56-da2c-4c8f-9b84-e699344eb808-13,6.5007651710582115,31,1.30429560107448,4.3184240909524805,"[6.133, 15.79]",16,,0.005503246260180754,0.33019477561084526
WT,WT-005-f5110b56-da2c-4c8f-9b84-e699344eb808-16,4.670405608935495,37,1.03028392017648,3.29910063801192,"[4.427, 6.133)",8,,0.004492508299539923,0.2695504979723954
WT,WT-005-f5110b56-da2c-4c8f-9b84-e699344eb808-17,5.012214625058763,39,0.8494362107838,3.86904493427976,"[4.427, 6.133)",16,,0.0050014032893030795,0.30008419735818476
WT,WT-005-f5110b56-da2c-4c8f-9b84-e699344eb808-20,5.308378367446942,34,0.72339083757072,5.58435805670124,"[4.427, 6.133)",-24,,0.008026887344067769,0.48161324064406613
WT,WT-005-f5110b56-da2c-4c8f-9b84-e699344eb808-21,4.07252497097472,29,0.98096181761484,2.52638769787956,"[1.727, 4.427)",8,,0.004858819965725049,0.29152919794350296
WT,WT-005-f5110b56-da2c-4c8f-9b84-e699344eb808-25,6.19196326080235,42,1.18921069509732,4.14853684879572,"[6.133, 15.79]",8,,0.004431188717805937,0.2658713230683562
WT,WT-005-f5110b56-da2c-4c8f-9b84-e699344eb808-28,2.861126239741777,17,0.40005705411108,0.88231761249156,"[1.727, 4.427)",32,,0.005509239853611741,0.3305543912167045
WT,WT-005-f5110b56-da2c-4c8f-9b84-e699344eb808-29,5.1195109998478685,44,0.8877978461095201,4.07181357814428,"[4.427, 6.133)",8,,0.004693816438513279,0.2816289863107967
WT,WT-005-f5110b56-da2c-4c8f-9b84-e699344eb808-30,6.616092593475731,44,1.096046723592,4.8719276863664405,"[6.133, 15.79]",0,,0.004539992200385503,0.27239953202313016
WT,WT-005-f5110b56-da2c-4c8f-9b84-e699344eb808-33,6.653516905362528,42,0.9590408831430001,5.206221937062,"[6.133, 15.79]",8,,0.005833160947247933,0.349989656834876
WT,WT-005-f5110b56-da2c-4c8f-9b84-e699344eb808-34,6.545875193044907,46,0.97000135037892,5.7213638971502405,"[6.133, 15.79]",8,,0.005379093153225216,0.322745589193513
WT,WT-005-f5110b56-da2c-4c8f-9b84-e699344eb808-36,4.005265430299723,40,0.8549164444017601,3.305025006590825,"[1.727, 4.427)",-88,,0.004921101076304819,0.29526606457828913
WT,WT-005-f5110b56-da2c-4c8f-9b84-e699344eb808-41,4.564255194984085,38,0.9590408831430001,3.8617219620241565,"[4.427, 6.133)",8,,0.005511808372830367,0.330708502369822
WT,WT-005-f5110b56-da2c-4c8f-9b84-e699344eb808-44,5.455423600387756,46,0.9590408831430001,4.4937915667272,"[4.427, 6.133)",8,,0.004852734256551476,0.2911640553930886
WT,WT-005-f5110b56-da2c-4c8f-9b84-e699344eb808-46,4.656300480391322,37,1.0138432193226001,4.11565544708796,"[4.427, 6.133)",8,,0.005514376235430443,0.3308625741258266
WT,WT-005-f5110b56-da2c-4c8f-9b84-e699344eb808-48,6.4889649337388136,44,0.9919222848507601,4.70752067782764,"[6.133, 15.79]",0,,0.005461845015092795,0.3277107009055677
WT,WT-005-f5110b56-da2c-4c8f-9b84-e699344eb808-50,6.688302417442318,41,1.0446198451974105,4.78424394847908,"[6.133, 15.79]",0,,0.00572591648524056,0.3435549891144336
WT,WT-005-f5110b56-da2c-4c8f-9b84-e699344eb808-55,4.1095401522929755,33,0.9261594814352401,2.91548428475472,"[1.727, 4.427)",8,,0.005083017617376106,0.3049810570425664
WT,WT-005-f5110b56-da2c-4c8f-9b84-e699344eb808-64,4.748440559255602,36,1.0686455555022,4.0827740453802,"[4.427, 6.133)",0,,0.005445752007282683,0.32674512043696097
WT,WT-005-f5110b56-da2c-4c8f-9b84-e699344eb808-67,6.340717787704177,32,1.49062354408512,3.88548563513364,"[6.133, 15.79]",8,,0.004432442981520493,0.2659465788912296
WT,WT-005-f5110b56-da2c-4c8f-9b84-e699344eb808-68,5.220972204538796,39,0.9864420512328,4.3239043245704405,"[4.427, 6.133)",-104,,0.005509303178633163,0.3305581907179898
WT,WT-005-f5110b56-da2c-4c8f-9b84-e699344eb808-71,4.05392139704544,38,0.86587691163768,2.5483086323514,"[1.727, 4.427)",8,,0.0037099403861205957,0.22259642316723574
WT,WT-005-f5110b56-da2c-4c8f-9b84-e699344eb808-72,4.74161044279216,39,1.00288275208668,3.5552190011599762,"[4.427, 6.133)",-8,,0.004477089292556614,0.2686253575533969
WT,WT-005-f5110b56-da2c-4c8f-9b84-e699344eb808-118,3.6356423874010684,35,0.936121330360779,3.429900001448795,"[1.727, 4.427)",8,,0.004711173949257318,0.28267043695543903
WT,WT-007-6ae8afe1-d43d-4523-816f-153ae2111839-29,6.366064708426326,66,0.69598966948092,5.748765065240041,"[6.133, 15.79]",-80,,0.0036387942323434044,0.21832765394060427
WT,WT-007-ba184459-79e1-478a-a424-b87efdc4f373-79,4.602591351691845,50,1.05768508826628,3.6991576921230003,"[4.427, 6.133)",0,,0.0033802623907744165,0.202815743446465
